BWA,Baseline,a,inc,2019,245.3606,191.3595,310.6314
BWA,Baseline,pos,inc,2019,115.9904,90.3671,152.8448
BWA,COVID,a,inc,2019,245.3606,191.3595,310.6313
BWA,COVID,pos,inc,2019,115.9904,90.3671,152.8448
BWA,Baseline,a,mort,2019,77.1194,59.0867,95.1676
BWA,Baseline,pos,mort,2019,46.5058,35.3904,62.3974
BWA,COVID,a,mort,2019,77.1194,59.0867,95.1676
BWA,COVID,pos,mort,2019,46.5058,35.3904,62.3974
BWA,Baseline,a,inc,2020,236.9011,182.3685,296.6005
BWA,Baseline,pos,inc,2020,110.5628,75.9704,148.0924
BWA,COVID,a,inc,2020,229.8016,177.3477,290.8524
BWA,COVID,pos,inc,2020,108.7664,74.9276,144.5043
BWA,Baseline,a,mort,2020,73.8275,53.0827,90.489
BWA,Baseline,pos,mort,2020,43.4764,33.9822,60.0884
BWA,COVID,a,mort,2020,74.9331,54.2055,93.1529
BWA,COVID,pos,mort,2020,44.3641,34.8149,61.6969
BWA,Baseline,a,inc,2021,228.9464,172.5599,290.9562
BWA,Baseline,pos,inc,2021,107.703,65.2159,143.9129
BWA,COVID,a,inc,2021,227.9809,174.1351,289.4714
BWA,COVID,pos,inc,2021,108.346,65.025,145.697
BWA,Baseline,a,mort,2021,71.6746,44.8537,87.5819
BWA,Baseline,pos,mort,2021,40.5056,31.1575,58.2322
BWA,COVID,a,mort,2021,77.1789,48.5394,96.6389
BWA,COVID,pos,mort,2021,43.5968,33.7396,63.5587
BWA,Baseline,a,inc,2022,223.253,164.5579,285.9042
BWA,Baseline,pos,inc,2022,104.5379,56.2478,140.1545
BWA,COVID,a,inc,2022,229.3296,171.471,296.5563
BWA,COVID,pos,inc,2022,105.4353,57.7171,145.4697
BWA,Baseline,a,mort,2022,69.8404,38.2972,85.6293
BWA,Baseline,pos,mort,2022,39.43,25.3267,56.4734
BWA,COVID,a,mort,2022,76.1757,42.5261,95.0558
BWA,COVID,pos,mort,2022,41.8979,28.1169,61.29
NAM,Baseline,a,inc,2019,478.4671,344.383,613.9886
NAM,Baseline,pos,inc,2019,149.388,109.7903,204.8236
NAM,COVID,a,inc,2019,478.4671,344.383,613.9886
NAM,COVID,pos,inc,2019,149.388,109.7903,204.8236
NAM,Baseline,a,mort,2019,105.5488,78.811,130.2794
NAM,Baseline,pos,mort,2019,47.4299,34.0486,69.532
NAM,COVID,a,mort,2019,105.5488,78.811,130.2794
NAM,COVID,pos,mort,2019,47.4299,34.0486,69.532
NAM,Baseline,a,inc,2020,461.5571,303.9932,592.2626
NAM,Baseline,pos,inc,2020,139.0804,97.701,198.2356
NAM,COVID,a,inc,2020,439.232,297.3976,572.1866
NAM,COVID,pos,inc,2020,135.6541,96.1295,197.8107
NAM,Baseline,a,mort,2020,96.984,75.7479,124.69
NAM,Baseline,pos,mort,2020,43.2151,31.9182,67.431
NAM,COVID,a,mort,2020,100.014,77.1329,128.3628
NAM,COVID,pos,mort,2020,44.249,32.6592,69.5052
NAM,Baseline,a,inc,2021,451.3122,267.7145,585.1884
NAM,Baseline,pos,inc,2021,132.3651,86.4471,192.1996
NAM,COVID,a,inc,2021,451.693,267.5374,584.4502
NAM,COVID,pos,inc,2021,132.226,86.2945,191.797
NAM,Baseline,a,mort,2021,94.5864,69.9685,121.8165
NAM,Baseline,pos,mort,2021,40.9831,30.732,65.5424
NAM,COVID,a,mort,2021,100.504,74.378,132.6192
NAM,COVID,pos,mort,2021,44.6869,33.4266,71.356
NAM,Baseline,a,inc,2022,434.8282,238.9964,578.8557
NAM,Baseline,pos,inc,2022,128.3551,75.5996,186.611
NAM,COVID,a,inc,2022,450.1538,246.9687,598.0142
NAM,COVID,pos,inc,2022,130.3246,78.1523,186.7283
NAM,Baseline,a,mort,2022,89.2876,65.2532,119.4111
NAM,Baseline,pos,mort,2022,39.4964,27.6813,63.8025
NAM,COVID,a,mort,2022,97.9373,69.8665,131.4472
NAM,COVID,pos,mort,2022,42.7941,30.1752,68.7071
SWZ,Baseline,a,inc,2019,354.8309,226.308,528.0671
SWZ,Baseline,pos,inc,2019,206.8553,123.3722,325.429
SWZ,COVID,a,inc,2019,354.8309,226.308,528.0671
SWZ,COVID,pos,inc,2019,206.8553,123.3722,325.429
SWZ,Baseline,a,mort,2019,82.9376,53.5316,114.7811
SWZ,Baseline,pos,mort,2019,59.7238,34.8891,93.517
SWZ,COVID,a,mort,2019,82.9376,53.5316,114.7811
SWZ,COVID,pos,mort,2019,59.7238,34.8892,93.517
SWZ,Baseline,a,inc,2020,343.0765,218.4033,512.1822
SWZ,Baseline,pos,inc,2020,200.2382,119.6721,313.6924
SWZ,COVID,a,inc,2020,334.5472,216.3442,500.3474
SWZ,COVID,pos,inc,2020,199.9258,119.0974,312.4891
SWZ,Baseline,a,mort,2020,77.0834,52.4695,109.8591
SWZ,Baseline,pos,mort,2020,53.4941,32.4443,90.1293
SWZ,COVID,a,mort,2020,78.3136,52.9057,112.7894
SWZ,COVID,pos,mort,2020,54.2592,33.6193,92.9949
SWZ,Baseline,a,inc,2021,332.3239,211.8676,498.6387
SWZ,Baseline,pos,inc,2021,187.2121,113.2578,305.4515
SWZ,COVID,a,inc,2021,329.243,215.8342,496.4369
SWZ,COVID,pos,inc,2021,189.364,113.1054,305.567
SWZ,Baseline,a,mort,2021,74.8355,51.4278,106.9271
SWZ,Baseline,pos,mort,2021,52.3484,28.9321,87.1633
SWZ,COVID,a,mort,2021,79.8739,53.8232,115.6548
SWZ,COVID,pos,mort,2021,56.2337,31.4015,94.9863
SWZ,Baseline,a,inc,2022,322.5004,206.4434,485.4211
SWZ,Baseline,pos,inc,2022,180.4904,107.0697,297.922
SWZ,COVID,a,inc,2022,324.9577,214.9275,501.6466
SWZ,COVID,pos,inc,2022,187.1528,109.3585,299.5091
SWZ,Baseline,a,mort,2022,72.8145,48.8738,104.2569
SWZ,Baseline,pos,mort,2022,50.5279,25.4214,84.5222
SWZ,COVID,a,mort,2022,79.5351,53.6573,113.1063
SWZ,COVID,pos,mort,2022,54.0868,27.694,91.2245
SYC,Baseline,a,inc,2019,15.5987,13.3651,18.3907
SYC,Baseline,pos,inc,2019,2.5172,0.37091,28.2941
SYC,COVID,a,inc,2019,15.5987,13.3651,18.3907
SYC,COVID,pos,inc,2019,2.5172,0.37091,28.2941
SYC,Baseline,a,mort,2019,1.3685,0.87767,2.0067
SYC,Baseline,pos,mort,2019,0.3222,0.052918,3.1743
SYC,COVID,a,mort,2019,1.3685,0.87767,2.0067
SYC,COVID,pos,mort,2019,0.3222,0.052918,3.1743
SYC,Baseline,a,inc,2020,15.0683,12.5569,18.0692
SYC,Baseline,pos,inc,2020,2.2874,0.35186,26.7457
SYC,COVID,a,inc,2020,14.7063,12.1912,17.3675
SYC,COVID,pos,inc,2020,2.238,0.35049,26.4541
SYC,Baseline,a,mort,2020,1.2666,0.83666,1.9415
SYC,Baseline,pos,mort,2020,0.30785,0.045988,2.8394
SYC,COVID,a,mort,2020,1.2992,0.86533,1.981
SYC,COVID,pos,mort,2020,0.31169,0.047423,2.8927
SYC,Baseline,a,inc,2021,14.7141,11.5963,17.845
SYC,Baseline,pos,inc,2021,2.0796,0.33549,25.4105
SYC,COVID,a,inc,2021,14.6426,11.5001,17.7753
SYC,COVID,pos,inc,2021,2.0904,0.33498,25.3679
SYC,Baseline,a,mort,2021,1.2133,0.77888,1.8854
SYC,Baseline,pos,mort,2021,0.3012,0.04049,2.482
SYC,COVID,a,mort,2021,1.3351,0.85715,2.0194
SYC,COVID,pos,mort,2021,0.32378,0.044801,2.6166
SYC,Baseline,a,inc,2022,14.405,10.2672,17.6074
SYC,Baseline,pos,inc,2022,1.9068,0.32129,24.2499
SYC,COVID,a,inc,2022,14.8144,10.5479,18.2473
SYC,COVID,pos,inc,2022,1.9846,0.3226,24.6555
SYC,Baseline,a,mort,2022,1.1934,0.72097,1.8372
SYC,Baseline,pos,mort,2022,0.29179,0.036134,2.4018
SYC,COVID,a,mort,2022,1.2905,0.80348,2.0011
SYC,COVID,pos,mort,2022,0.31144,0.040604,2.5361
ABW,Baseline,a,inc,2019,2.2122,1.9057,2.4983
ABW,COVID,a,inc,2019,2.2122,1.9057,2.4983
ABW,Baseline,a,mort,2019,0.18365,0.10923,0.25795
ABW,COVID,a,mort,2019,0.18365,0.10923,0.25795
ABW,Baseline,a,inc,2020,2.1856,1.8892,2.4677
ABW,COVID,a,inc,2020,2.1661,1.8825,2.4348
ABW,Baseline,a,mort,2020,0.18241,0.10775,0.25576
ABW,COVID,a,mort,2020,0.201,0.11727,0.27833
ABW,Baseline,a,inc,2021,2.1619,1.8747,2.4416
ABW,COVID,a,inc,2021,2.1945,1.9298,2.4871
ABW,Baseline,a,mort,2021,0.18046,0.10648,0.25433
ABW,COVID,a,mort,2021,0.20468,0.11979,0.28514
ABW,Baseline,a,inc,2022,2.14,1.8618,2.4185
ABW,COVID,a,inc,2022,2.1945,1.9412,2.495
ABW,Baseline,a,mort,2022,0.17899,0.10533,0.25302
ABW,COVID,a,mort,2022,0.18785,0.11089,0.26619
ARG,Baseline,a,inc,2019,28.9281,24.38,33.2046
ARG,COVID,a,inc,2019,28.9281,24.38,33.2046
ARG,Baseline,a,mort,2019,1.7797,1.5744,2.041
ARG,COVID,a,mort,2019,1.7797,1.5744,2.041
ARG,Baseline,a,inc,2020,28.7217,24.1903,32.7092
ARG,COVID,a,inc,2020,28.4454,23.866,32.3581
ARG,Baseline,a,mort,2020,1.7745,1.5565,2.0392
ARG,COVID,a,mort,2020,1.9228,1.7083,2.2136
ARG,Baseline,a,inc,2021,28.5255,24.0251,32.3171
ARG,COVID,a,inc,2021,29.125,24.3748,33.1722
ARG,Baseline,a,mort,2021,1.7701,1.5413,2.0375
ARG,COVID,a,mort,2021,1.9862,1.7617,2.3103
ARG,Baseline,a,inc,2022,28.306,23.8792,32.1896
ARG,COVID,a,inc,2022,29.1394,24.5824,33.1967
ARG,Baseline,a,mort,2022,1.7663,1.5279,2.0361
ARG,COVID,a,mort,2022,1.8489,1.6265,2.1664
BHS,Baseline,a,inc,2019,15.0839,12.8859,17.0379
BHS,COVID,a,inc,2019,15.0839,12.8859,17.0379
BHS,Baseline,a,mort,2019,1.2782,0.93873,1.7853
BHS,COVID,a,mort,2019,1.2782,0.93873,1.7853
BHS,Baseline,a,inc,2020,15.0288,12.8064,16.8831
BHS,COVID,a,inc,2020,14.7474,12.5266,16.7729
BHS,Baseline,a,mort,2020,1.2751,0.92742,1.7673
BHS,COVID,a,mort,2020,1.3998,1.0197,1.9105
BHS,Baseline,a,inc,2021,14.9648,12.6982,16.7509
BHS,COVID,a,inc,2021,15.2753,12.8756,17.4023
BHS,Baseline,a,mort,2021,1.2727,0.91778,1.7478
BHS,COVID,a,mort,2021,1.4474,1.0322,1.9568
BHS,Baseline,a,inc,2022,14.8812,12.5798,16.6344
BHS,COVID,a,inc,2022,15.2591,12.918,17.5225
BHS,Baseline,a,mort,2022,1.2636,0.90927,1.7309
BHS,COVID,a,mort,2022,1.3318,0.95708,1.8212
BLZ,Baseline,a,inc,2019,26.7146,23.1543,30.8674
BLZ,COVID,a,inc,2019,26.7146,23.1543,30.8674
BLZ,Baseline,a,mort,2019,2.7073,2.2852,3.2448
BLZ,COVID,a,mort,2019,2.7073,2.2852,3.2448
BLZ,Baseline,a,inc,2020,26.4485,22.8708,30.6521
BLZ,COVID,a,inc,2020,26.0058,22.7517,30.2651
BLZ,Baseline,a,mort,2020,2.6685,2.2637,3.2167
BLZ,COVID,a,mort,2020,2.9073,2.4759,3.5224
BLZ,Baseline,a,inc,2021,26.1356,22.6125,30.3538
BLZ,COVID,a,inc,2021,26.564,22.9198,31.2743
BLZ,Baseline,a,mort,2021,2.6369,2.2457,3.2079
BLZ,COVID,a,mort,2021,2.9602,2.5515,3.6668
BLZ,Baseline,a,inc,2022,25.8972,22.371,30.0862
BLZ,COVID,a,inc,2022,26.83,22.8772,31.3668
BLZ,Baseline,a,mort,2022,2.6125,2.2303,3.1999
BLZ,COVID,a,mort,2022,2.759,2.3803,3.4295
BOL,Baseline,a,inc,2019,103.0648,68.3702,149.4975
BOL,COVID,a,inc,2019,103.0648,68.3702,149.4975
BOL,Baseline,a,mort,2019,10.9576,7.9441,15.0502
BOL,COVID,a,mort,2019,10.9576,7.9441,15.0502
BOL,Baseline,a,inc,2020,102.7377,68.1631,147.8321
BOL,COVID,a,inc,2020,102.4705,67.4014,147.2077
BOL,Baseline,a,mort,2020,10.8333,7.8451,14.8547
BOL,COVID,a,mort,2020,11.8043,8.7328,16.5083
BOL,Baseline,a,inc,2021,102.4553,67.9905,146.3426
BOL,COVID,a,inc,2021,106.8722,68.536,149.445
BOL,Baseline,a,mort,2021,10.7275,7.759,14.6859
BOL,COVID,a,mort,2021,12.1635,8.8276,16.6622
BOL,Baseline,a,inc,2022,102.2063,67.8372,144.9642
BOL,COVID,a,inc,2022,107.549,69.5503,148.5545
BOL,Baseline,a,mort,2022,10.6344,7.6812,14.5354
BOL,COVID,a,mort,2022,11.2268,8.04,15.2518
CHL,Baseline,a,inc,2019,17.6142,15.0732,20.122
CHL,COVID,a,inc,2019,17.6142,15.0732,20.122
CHL,Baseline,a,mort,2019,2.2087,2.1053,2.3496
CHL,COVID,a,mort,2019,2.2087,2.1053,2.3496
CHL,Baseline,a,inc,2020,17.5885,14.9072,19.9293
CHL,COVID,a,inc,2020,17.2545,14.7693,19.6658
CHL,Baseline,a,mort,2020,2.1879,2.0936,2.3493
CHL,COVID,a,mort,2020,2.3985,2.2708,2.5368
CHL,Baseline,a,inc,2021,17.57,14.767,19.7606
CHL,COVID,a,inc,2021,17.8933,15.1465,20.037
CHL,Baseline,a,mort,2021,2.168,2.0728,2.3491
CHL,COVID,a,mort,2021,2.4643,2.3371,2.6107
CHL,Baseline,a,inc,2022,17.4031,14.6434,19.6082
CHL,COVID,a,inc,2022,17.8498,15.1433,20.2562
CHL,Baseline,a,mort,2022,2.1552,2.0519,2.3489
CHL,COVID,a,mort,2022,2.2849,2.1488,2.5013
CRI,Baseline,a,inc,2019,10.1081,7.7234,13.282
CRI,COVID,a,inc,2019,10.1081,7.7234,13.282
CRI,Baseline,a,mort,2019,0.96091,0.85999,1.0678
CRI,COVID,a,mort,2019,0.96091,0.85999,1.0678
CRI,Baseline,a,inc,2020,10.0079,7.6903,13.1567
CRI,COVID,a,inc,2020,9.9049,7.6254,13.0556
CRI,Baseline,a,mort,2020,0.95757,0.85709,1.0651
CRI,COVID,a,mort,2020,1.037,0.93699,1.1681
CRI,Baseline,a,inc,2021,9.9401,7.5989,13.0278
CRI,COVID,a,inc,2021,10.106,7.6503,13.223
CRI,Baseline,a,mort,2021,0.94734,0.84792,1.0592
CRI,COVID,a,mort,2021,1.067,0.96149,1.2029
CRI,Baseline,a,inc,2022,9.8681,7.5144,12.899
CRI,COVID,a,inc,2022,10.1507,7.624,13.2315
CRI,Baseline,a,mort,2022,0.93865,0.83829,1.0516
CRI,COVID,a,mort,2022,0.9894,0.88397,1.1106
CUB,Baseline,a,inc,2019,6.5687,5.4778,7.343
CUB,COVID,a,inc,2019,6.5687,5.4778,7.343
CUB,Baseline,a,mort,2019,0.47617,0.41955,0.51406
CUB,COVID,a,mort,2019,0.47617,0.41955,0.51406
CUB,Baseline,a,inc,2020,6.4942,5.464,7.3271
CUB,COVID,a,inc,2020,6.4019,5.431,7.1848
CUB,Baseline,a,mort,2020,0.47023,0.41911,0.51238
CUB,COVID,a,mort,2020,0.51371,0.45244,0.56055
CUB,Baseline,a,inc,2021,6.4283,5.4526,7.313
CUB,COVID,a,inc,2021,6.571,5.6248,7.3982
CUB,Baseline,a,mort,2021,0.46496,0.41875,0.51096
CUB,COVID,a,mort,2021,0.52555,0.4734,0.58314
CUB,Baseline,a,inc,2022,6.3579,5.443,7.3003
CUB,COVID,a,inc,2022,6.5689,5.6213,7.524
CUB,Baseline,a,mort,2022,0.45998,0.41846,0.50769
CUB,COVID,a,mort,2022,0.48557,0.44285,0.54811
DOM,Baseline,a,inc,2019,42.1433,32.1841,51.6517
DOM,COVID,a,inc,2019,42.1433,32.1841,51.6517
DOM,Baseline,a,mort,2019,3.9569,2.4141,6.0119
DOM,COVID,a,mort,2019,3.9569,2.4141,6.0119
DOM,Baseline,a,inc,2020,41.67,32.0009,51.4411
DOM,COVID,a,inc,2020,41.5177,31.3455,50.8914
DOM,Baseline,a,mort,2020,3.9304,2.3829,5.9491
DOM,COVID,a,mort,2020,4.3035,2.62,6.547
DOM,Baseline,a,inc,2021,41.2706,31.8437,51.2527
DOM,COVID,a,inc,2021,42.5298,32.4482,52.8429
DOM,Baseline,a,mort,2021,3.8816,2.3565,5.8925
DOM,COVID,a,mort,2021,4.4371,2.6612,6.6762
DOM,Baseline,a,inc,2022,40.9278,31.7053,51.0793
DOM,COVID,a,inc,2022,42.9896,32.8307,53.2067
DOM,Baseline,a,mort,2022,3.8505,2.3333,5.8399
DOM,COVID,a,mort,2022,4.0806,2.4627,6.1318
ECU,Baseline,a,inc,2019,44.6339,35.3501,57.9459
ECU,COVID,a,inc,2019,44.6339,35.3501,57.9459
ECU,Baseline,a,mort,2019,4.5211,3.8246,5.1541
ECU,COVID,a,mort,2019,4.5211,3.8246,5.1541
ECU,Baseline,a,inc,2020,44.3771,35.2362,57.1334
ECU,COVID,a,inc,2020,43.8148,34.9946,56.7233
ECU,Baseline,a,mort,2020,4.506,3.7615,5.1044
ECU,COVID,a,mort,2020,4.9926,4.1121,5.596
ECU,Baseline,a,inc,2021,44.379,35.0007,56.4297
ECU,COVID,a,inc,2021,45.8678,36.019,57.352
ECU,Baseline,a,mort,2021,4.493,3.71,5.0622
ECU,COVID,a,mort,2021,5.1374,4.2353,5.6953
ECU,Baseline,a,inc,2022,44.3808,34.6974,55.7967
ECU,COVID,a,inc,2022,45.4332,35.953,57.3558
ECU,Baseline,a,mort,2022,4.4663,3.6664,5.0426
ECU,COVID,a,mort,2022,4.7169,3.9039,5.4162
GRD,Baseline,a,inc,2019,3.1414,2.6116,3.5901
GRD,COVID,a,inc,2019,3.1414,2.6116,3.5901
GRD,Baseline,a,mort,2019,2.0607,1.7927,2.364
GRD,COVID,a,mort,2019,2.0607,1.7927,2.364
GRD,Baseline,a,inc,2020,3.1055,2.5985,3.5725
GRD,COVID,a,inc,2020,3.0633,2.5428,3.5378
GRD,Baseline,a,mort,2020,2.0525,1.7742,2.3315
GRD,COVID,a,mort,2020,2.2367,1.9323,2.5535
GRD,Baseline,a,inc,2021,3.0679,2.5764,3.5422
GRD,COVID,a,inc,2021,3.1397,2.625,3.6111
GRD,Baseline,a,mort,2021,2.0409,1.7583,2.305
GRD,COVID,a,mort,2021,2.2992,1.9832,2.618
GRD,Baseline,a,inc,2022,3.0343,2.5565,3.5134
GRD,COVID,a,inc,2022,3.1455,2.6311,3.6223
GRD,Baseline,a,mort,2022,2.0288,1.7443,2.2822
GRD,COVID,a,mort,2022,2.1404,1.8442,2.4178
GTM,Baseline,a,inc,2019,25.3556,19.7973,33.2096
GTM,COVID,a,inc,2019,25.3556,19.7973,33.2096
GTM,Baseline,a,mort,2019,3.0099,2.556,3.3929
GTM,COVID,a,mort,2019,3.0099,2.556,3.3929
GTM,Baseline,a,inc,2020,25.0624,19.7602,32.8508
GTM,COVID,a,inc,2020,24.6956,19.3656,32.5222
GTM,Baseline,a,mort,2020,2.9838,2.548,3.367
GTM,COVID,a,mort,2020,3.2842,2.7536,3.7096
GTM,Baseline,a,inc,2021,24.9762,19.7281,32.5409
GTM,COVID,a,inc,2021,25.6684,20.3211,33.2367
GTM,Baseline,a,mort,2021,2.9723,2.5267,3.3524
GTM,COVID,a,mort,2021,3.3867,2.822,3.7813
GTM,Baseline,a,inc,2022,24.9016,19.6998,32.2667
GTM,COVID,a,inc,2022,26.0257,20.2315,33.3695
GTM,Baseline,a,mort,2022,2.9462,2.4967,3.3243
GTM,COVID,a,mort,2022,3.0978,2.6131,3.472
GUY,Baseline,a,inc,2019,77.363,60.4191,101.2875
GUY,COVID,a,inc,2019,77.363,60.4191,101.2875
GUY,Baseline,a,mort,2019,15.5575,13.7661,18.0066
GUY,COVID,a,mort,2019,15.5575,13.7661,18.0066
GUY,Baseline,a,inc,2020,76.2877,60.0162,99.7982
GUY,COVID,a,inc,2020,75.7443,59.5623,99.1093
GUY,Baseline,a,mort,2020,15.4097,13.6175,17.8978
GUY,COVID,a,mort,2020,16.8849,14.707,19.5744
GUY,Baseline,a,inc,2021,75.813,59.8147,98.5063
GUY,COVID,a,inc,2021,77.1051,61.4629,100.3274
GUY,Baseline,a,mort,2021,15.2139,13.4734,17.8037
GUY,COVID,a,mort,2021,17.357,15.013,19.9759
GUY,Baseline,a,inc,2022,75.1227,59.6393,97.3464
GUY,COVID,a,inc,2022,77.5084,62.4458,99.7648
GUY,Baseline,a,mort,2022,15.1645,13.3496,17.702
GUY,COVID,a,mort,2022,15.9517,14.1355,18.7677
HND,Baseline,a,inc,2019,30.3311,23.6563,39.8274
HND,COVID,a,inc,2019,30.3311,23.6563,39.8274
HND,Baseline,a,mort,2019,5.0471,4.2533,5.7362
HND,COVID,a,mort,2019,5.0471,4.2533,5.7362
HND,Baseline,a,inc,2020,29.9128,23.3716,39.5065
HND,COVID,a,inc,2020,29.5925,23.1595,39.2461
HND,Baseline,a,mort,2020,4.9834,4.2033,5.7327
HND,COVID,a,mort,2020,5.4879,4.5709,6.253
HND,Baseline,a,inc,2021,29.811,23.112,39.2095
HND,COVID,a,inc,2021,30.1849,23.4822,40.0746
HND,Baseline,a,mort,2021,4.9295,4.1602,5.7299
HND,COVID,a,mort,2021,5.5608,4.677,6.5459
HND,Baseline,a,inc,2022,29.5399,22.8689,38.9284
HND,COVID,a,inc,2022,30.5554,23.3317,40.0575
HND,Baseline,a,mort,2022,4.8842,4.1221,5.7275
HND,COVID,a,mort,2022,5.1884,4.341,6.1931
JAM,Baseline,a,inc,2019,3.1662,2.4066,4.0867
JAM,COVID,a,inc,2019,3.1662,2.4066,4.0867
JAM,Baseline,a,mort,2019,0.34271,0.28165,0.4123
JAM,COVID,a,mort,2019,0.34271,0.28165,0.4123
JAM,Baseline,a,inc,2020,3.1224,2.3761,4.036
JAM,COVID,a,inc,2020,3.0954,2.3529,4.0057
JAM,Baseline,a,mort,2020,0.33911,0.27995,0.40663
JAM,COVID,a,mort,2020,0.37159,0.30393,0.44578
JAM,Baseline,a,inc,2021,3.0834,2.3498,3.9905
JAM,COVID,a,inc,2021,3.1559,2.38,4.0229
JAM,Baseline,a,mort,2021,0.33625,0.27853,0.40206
JAM,COVID,a,mort,2021,0.3842,0.31592,0.45993
JAM,Baseline,a,inc,2022,3.0508,2.3261,3.9486
JAM,COVID,a,inc,2022,3.1561,2.3703,4.0263
JAM,Baseline,a,mort,2022,0.334,0.2773,0.39825
JAM,COVID,a,mort,2022,0.35353,0.29503,0.42558
NIC,Baseline,a,inc,2019,42.6362,32.1513,53.5636
NIC,COVID,a,inc,2019,42.6362,32.1513,53.5636
NIC,Baseline,a,mort,2019,2.6782,2.3401,3.0879
NIC,COVID,a,mort,2019,2.6782,2.3401,3.0879
NIC,Baseline,a,inc,2020,42.1597,31.7095,52.9675
NIC,COVID,a,inc,2020,41.7206,31.2826,52.4454
NIC,Baseline,a,mort,2020,2.6467,2.3063,3.0703
NIC,COVID,a,mort,2020,2.8881,2.5328,3.3402
NIC,Baseline,a,inc,2021,41.7663,31.3409,52.9414
NIC,COVID,a,inc,2021,42.4705,32.3248,54.6484
NIC,Baseline,a,mort,2021,2.6153,2.2837,3.055
NIC,COVID,a,mort,2021,2.9519,2.6102,3.4314
NIC,Baseline,a,inc,2022,41.3327,31.0227,52.95
NIC,COVID,a,inc,2022,42.7472,32.4179,55.5914
NIC,Baseline,a,mort,2022,2.6029,2.2638,3.0414
NIC,COVID,a,mort,2022,2.7541,2.4099,3.2539
PRI,Baseline,a,inc,2019,1.3921,1.1935,1.6183
PRI,COVID,a,inc,2019,1.3921,1.1935,1.6183
PRI,Baseline,a,mort,2019,0.17823,0.16221,0.2072
PRI,COVID,a,mort,2019,0.17823,0.16221,0.2072
PRI,Baseline,a,inc,2020,1.3837,1.1794,1.6074
PRI,COVID,a,inc,2020,1.3632,1.1682,1.5925
PRI,Baseline,a,mort,2020,0.17801,0.16157,0.20593
PRI,COVID,a,mort,2020,0.1924,0.17322,0.22488
PRI,Baseline,a,inc,2021,1.3798,1.1667,1.5979
PRI,COVID,a,inc,2021,1.4012,1.1878,1.6309
PRI,Baseline,a,mort,2021,0.1768,0.15987,0.20481
PRI,COVID,a,mort,2021,0.19782,0.17795,0.23129
PRI,Baseline,a,inc,2022,1.3713,1.1548,1.5896
PRI,COVID,a,inc,2022,1.4137,1.1844,1.6451
PRI,Baseline,a,mort,2022,0.17499,0.15836,0.20355
PRI,COVID,a,mort,2022,0.18587,0.16608,0.21521
PRY,Baseline,a,inc,2019,45.6916,38.9995,53.4021
PRY,COVID,a,inc,2019,45.6916,38.9995,53.4021
PRY,Baseline,a,mort,2019,4.1595,3.6333,4.7028
PRY,COVID,a,mort,2019,4.1595,3.6333,4.7028
PRY,Baseline,a,inc,2020,45.146,38.5238,52.6986
PRY,COVID,a,inc,2020,44.5801,38.0792,52.2235
PRY,Baseline,a,mort,2020,4.129,3.5882,4.6596
PRY,COVID,a,mort,2020,4.4927,3.9994,5.1182
PRY,Baseline,a,inc,2021,44.6616,38.1193,52.0915
PRY,COVID,a,inc,2021,45.7496,38.7428,53.576
PRY,Baseline,a,mort,2021,4.088,3.5469,4.6234
PRY,COVID,a,mort,2021,4.6307,4.013,5.2873
PRY,Baseline,a,inc,2022,44.2711,37.7578,51.7673
PRY,COVID,a,inc,2022,46.0617,38.7559,54.464
PRY,Baseline,a,mort,2022,4.0535,3.5083,4.5925
PRY,COVID,a,mort,2022,4.2909,3.6341,4.9633
SUR,Baseline,a,inc,2019,28.7703,22.3922,36.4282
SUR,COVID,a,inc,2019,28.7703,22.3922,36.4282
SUR,Baseline,a,mort,2019,4.0147,3.2736,4.9309
SUR,COVID,a,mort,2019,4.0147,3.2736,4.9309
SUR,Baseline,a,inc,2020,28.5437,22.3532,36.1843
SUR,COVID,a,inc,2020,28.2925,21.6795,35.6366
SUR,Baseline,a,mort,2020,3.9794,3.233,4.8756
SUR,COVID,a,mort,2020,4.3393,3.5203,5.3646
SUR,Baseline,a,inc,2021,28.3435,22.3186,35.9292
SUR,COVID,a,inc,2021,28.9226,22.3863,37.1248
SUR,Baseline,a,mort,2021,3.95,3.1985,4.8279
SUR,COVID,a,mort,2021,4.4414,3.605,5.4877
SUR,Baseline,a,inc,2022,28.0604,22.2262,35.6926
SUR,COVID,a,inc,2022,29.1636,22.7864,37.7052
SUR,Baseline,a,mort,2022,3.933,3.1685,4.8053
SUR,COVID,a,mort,2022,4.144,3.3447,5.146
SXM,Baseline,a,inc,2019,13.8585,11.9116,16.0891
SXM,COVID,a,inc,2019,13.8585,11.9116,16.0891
SXM,Baseline,a,mort,2019,1.1062,0.68265,1.6484
SXM,COVID,a,mort,2019,1.1062,0.68265,1.6484
SXM,Baseline,a,inc,2020,13.7614,11.7616,15.996
SXM,COVID,a,inc,2020,13.5794,11.7191,15.7605
SXM,Baseline,a,mort,2020,1.0959,0.67629,1.6404
SXM,COVID,a,mort,2020,1.1946,0.74697,1.7739
SXM,Baseline,a,inc,2021,13.6432,11.6354,15.9119
SXM,COVID,a,inc,2021,13.8613,12.0531,16.1608
SXM,Baseline,a,mort,2021,1.0834,0.67059,1.6333
SXM,COVID,a,mort,2021,1.2194,0.76384,1.8225
SXM,Baseline,a,inc,2022,13.558,11.5255,15.834
SXM,COVID,a,inc,2022,13.9187,11.9833,16.2768
SXM,Baseline,a,mort,2022,1.0721,0.66533,1.621
SXM,COVID,a,mort,2022,1.1294,0.70289,1.6931
URY,Baseline,a,inc,2019,35.0469,30.12,39.6032
URY,COVID,a,inc,2019,35.0469,30.12,39.6032
URY,Baseline,a,mort,2019,2.7977,2.507,3.0961
URY,COVID,a,mort,2019,2.7977,2.507,3.0961
URY,Baseline,a,inc,2020,34.6492,30.0171,39.2678
URY,COVID,a,inc,2020,34.3244,29.6467,38.9299
URY,Baseline,a,mort,2020,2.7687,2.485,3.0872
URY,COVID,a,mort,2020,3.0374,2.7458,3.3715
URY,Baseline,a,inc,2021,34.3011,29.9255,38.9653
URY,COVID,a,inc,2021,35.0155,30.1892,39.9223
URY,Baseline,a,mort,2021,2.7543,2.4648,3.0796
URY,COVID,a,mort,2021,3.1009,2.8027,3.5044
URY,Baseline,a,inc,2022,34.0062,29.7716,38.6846
URY,COVID,a,inc,2022,35.0965,30.5508,39.8985
URY,Baseline,a,mort,2022,2.739,2.4568,3.073
URY,COVID,a,mort,2022,2.9118,2.5515,3.3258
VEN,Baseline,a,inc,2019,45.7739,34.6673,57.1512
VEN,COVID,a,inc,2019,45.7739,34.6673,57.1512
VEN,Baseline,a,mort,2019,3.1744,2.5496,3.8085
VEN,COVID,a,mort,2019,3.1744,2.5496,3.8085
VEN,Baseline,a,inc,2020,45.3391,34.2462,56.5527
VEN,COVID,a,inc,2020,44.8852,33.9533,55.9027
VEN,Baseline,a,mort,2020,3.1338,2.5165,3.7854
VEN,COVID,a,mort,2020,3.4296,2.7673,4.1981
VEN,Baseline,a,inc,2021,45.1283,33.8789,56.0299
VEN,COVID,a,inc,2021,46.2547,34.3859,57.2611
VEN,Baseline,a,mort,2021,3.1004,2.4878,3.7657
VEN,COVID,a,mort,2021,3.5172,2.8192,4.3502
VEN,Baseline,a,inc,2022,45.0067,33.5474,55.5577
VEN,COVID,a,inc,2022,46.3546,34.3002,58.1374
VEN,Baseline,a,mort,2022,3.0772,2.4622,3.7482
VEN,COVID,a,mort,2022,3.2798,2.5908,4.0498
ALB,Baseline,a,inc,2019,16.1806,13.641,18.6102
ALB,COVID,a,inc,2019,16.1806,13.641,18.6102
ALB,Baseline,a,mort,2019,0.34484,0.19701,0.53835
ALB,COVID,a,mort,2019,0.34484,0.19701,0.53835
ALB,Baseline,a,inc,2020,15.8963,13.3292,18.2182
ALB,COVID,a,inc,2020,15.7731,13.2603,17.9849
ALB,Baseline,a,mort,2020,0.33569,0.19373,0.52935
ALB,COVID,a,mort,2020,0.34964,0.20151,0.55437
ALB,Baseline,a,inc,2021,15.6431,13.1034,17.8669
ALB,COVID,a,inc,2021,15.6616,13.1415,17.8066
ALB,Baseline,a,mort,2021,0.33011,0.19089,0.52147
ALB,COVID,a,mort,2021,0.36319,0.21043,0.5765
ALB,Baseline,a,inc,2022,15.4175,12.9025,17.5647
ALB,COVID,a,inc,2022,15.5725,13.0632,17.7482
ALB,Baseline,a,mort,2022,0.32511,0.18831,0.51429
ALB,COVID,a,mort,2022,0.35901,0.20936,0.57077
AND,Baseline,a,inc,2019,7.5625,6.3524,8.6258
AND,COVID,a,inc,2019,7.5625,6.3524,8.6258
AND,Baseline,a,mort,2019,0.59927,0.36843,0.91518
AND,COVID,a,mort,2019,0.59927,0.36843,0.91518
AND,Baseline,a,inc,2020,7.4027,6.2401,8.4706
AND,COVID,a,inc,2020,7.3434,6.1973,8.4187
AND,Baseline,a,mort,2020,0.58656,0.36076,0.89949
AND,COVID,a,mort,2020,0.60733,0.37772,0.93643
AND,Baseline,a,inc,2021,7.2932,6.1417,8.3343
AND,COVID,a,inc,2021,7.317,6.1765,8.38
AND,Baseline,a,mort,2021,0.57611,0.35438,0.88599
AND,COVID,a,mort,2021,0.63125,0.39252,0.97808
AND,Baseline,a,inc,2022,7.192,6.0521,8.21
AND,COVID,a,inc,2022,7.2776,6.1473,8.3334
AND,Baseline,a,mort,2022,0.5671,0.34884,0.87386
AND,COVID,a,mort,2022,0.62376,0.38788,0.97263
ARM,Baseline,a,inc,2019,25.8692,19.4246,33.0826
ARM,COVID,a,inc,2019,25.8692,19.4246,33.0826
ARM,Baseline,a,mort,2019,1.5995,1.3842,1.8643
ARM,COVID,a,mort,2019,1.5995,1.3842,1.8643
ARM,Baseline,a,inc,2020,25.3896,18.9749,32.4942
ARM,COVID,a,inc,2020,25.1887,18.8584,32.2716
ARM,Baseline,a,mort,2020,1.5643,1.352,1.831
ARM,COVID,a,mort,2020,1.6165,1.4221,1.9017
ARM,Baseline,a,inc,2021,24.9884,18.6067,31.9834
ARM,COVID,a,inc,2021,25.0548,18.5944,32.1381
ARM,Baseline,a,mort,2021,1.5263,1.326,1.8022
ARM,COVID,a,mort,2021,1.6804,1.4717,1.9814
ARM,Baseline,a,inc,2022,24.6317,18.2904,31.5216
ARM,COVID,a,inc,2022,24.8847,18.4316,31.9829
ARM,Baseline,a,mort,2022,1.5043,1.3036,1.7761
ARM,COVID,a,mort,2022,1.6661,1.4443,1.9701
BLR,Baseline,a,inc,2019,28.8262,21.6152,37.788
BLR,COVID,a,inc,2019,28.8262,21.6152,37.788
BLR,Baseline,a,mort,2019,3.1536,3.0791,3.2654
BLR,COVID,a,mort,2019,3.1536,3.0791,3.2654
BLR,Baseline,a,inc,2020,28.3167,21.1364,37.2362
BLR,COVID,a,inc,2020,28.0376,21.0565,37.1194
BLR,Baseline,a,mort,2020,3.0967,2.9855,3.1999
BLR,COVID,a,mort,2020,3.2268,3.062,3.3483
BLR,Baseline,a,inc,2021,27.7286,20.7432,36.7217
BLR,COVID,a,inc,2021,27.674,20.7908,36.8085
BLR,Baseline,a,mort,2021,3.0443,2.8868,3.1476
BLR,COVID,a,mort,2021,3.3479,3.1009,3.4788
BLR,Baseline,a,inc,2022,27.2301,20.4029,36.2315
BLR,COVID,a,inc,2022,27.6039,20.5855,36.4914
BLR,Baseline,a,mort,2022,3.003,2.82,3.1004
BLR,COVID,a,mort,2022,3.3195,3.0726,3.4299
CHE,Baseline,a,inc,2019,5.3433,4.5507,6.1731
CHE,COVID,a,inc,2019,5.3433,4.5507,6.1731
CHE,Baseline,a,mort,2019,0.24931,0.22306,0.26711
CHE,COVID,a,mort,2019,0.24931,0.22306,0.26711
CHE,Baseline,a,inc,2020,5.2569,4.4691,6.0591
CHE,COVID,a,inc,2020,5.2053,4.4403,6.0366
CHE,Baseline,a,mort,2020,0.24419,0.21975,0.26272
CHE,COVID,a,mort,2020,0.25337,0.22874,0.27547
CHE,Baseline,a,inc,2021,5.1791,4.3978,5.9696
CHE,COVID,a,inc,2021,5.1906,4.4074,6.0156
CHE,Baseline,a,mort,2021,0.24049,0.21672,0.25875
CHE,COVID,a,mort,2021,0.26088,0.23694,0.28768
CHE,Baseline,a,inc,2022,5.1072,4.3176,5.8872
CHE,COVID,a,inc,2022,5.1694,4.3713,5.9799
CHE,Baseline,a,mort,2022,0.23668,0.21387,0.25506
CHE,COVID,a,mort,2022,0.25745,0.23539,0.2836
DEU,Baseline,a,inc,2019,6.3322,5.5366,7.132
DEU,COVID,a,inc,2019,6.3322,5.5366,7.132
DEU,Baseline,a,mort,2019,0.347,0.32931,0.36632
DEU,COVID,a,mort,2019,0.347,0.32931,0.36632
DEU,Baseline,a,inc,2020,6.2224,5.4455,7.0041
DEU,COVID,a,inc,2020,6.1803,5.4284,6.9401
DEU,Baseline,a,mort,2020,0.34069,0.31757,0.35962
DEU,COVID,a,mort,2020,0.35666,0.33034,0.37531
DEU,Baseline,a,inc,2021,6.1244,5.3643,6.8938
DEU,COVID,a,inc,2021,6.1388,5.4051,6.9256
DEU,Baseline,a,mort,2021,0.33525,0.30871,0.35382
DEU,COVID,a,mort,2021,0.37003,0.34032,0.39053
DEU,Baseline,a,inc,2022,6.034,5.2895,6.7947
DEU,COVID,a,inc,2022,6.0963,5.3695,6.9228
DEU,Baseline,a,mort,2022,0.33049,0.3023,0.34859
DEU,COVID,a,mort,2022,0.36625,0.33408,0.38527
EST,Baseline,a,inc,2019,12.9366,11.0645,14.6445
EST,COVID,a,inc,2019,12.9366,11.0645,14.6445
EST,Baseline,a,mort,2019,1.4703,1.3155,1.6891
EST,COVID,a,mort,2019,1.4703,1.3155,1.6891
EST,Baseline,a,inc,2020,12.7122,10.8322,14.3634
EST,COVID,a,inc,2020,12.6451,10.7623,14.2176
EST,Baseline,a,mort,2020,1.4381,1.291,1.6436
EST,COVID,a,mort,2020,1.4955,1.3528,1.6989
EST,Baseline,a,inc,2021,12.4897,10.6377,14.1648
EST,COVID,a,inc,2021,12.5493,10.6626,14.2
EST,Baseline,a,mort,2021,1.4134,1.2698,1.6142
EST,COVID,a,mort,2021,1.555,1.3902,1.7707
EST,Baseline,a,inc,2022,12.3107,10.4686,13.9785
EST,COVID,a,inc,2022,12.4494,10.6128,14.1721
EST,Baseline,a,mort,2022,1.3914,1.2506,1.5881
EST,COVID,a,mort,2022,1.5443,1.384,1.7508
FIN,Baseline,a,inc,2019,4.704,3.9575,5.2962
FIN,COVID,a,inc,2019,4.704,3.9575,5.2962
FIN,Baseline,a,mort,2019,0.55714,0.54113,0.56389
FIN,COVID,a,mort,2019,0.55714,0.54113,0.56389
FIN,Baseline,a,inc,2020,4.6149,3.8879,5.2077
FIN,COVID,a,inc,2020,4.584,3.8453,5.1564
FIN,Baseline,a,mort,2020,0.5461,0.52505,0.55561
FIN,COVID,a,mort,2020,0.56844,0.54197,0.58032
FIN,Baseline,a,inc,2021,4.5468,3.8272,5.1293
FIN,COVID,a,inc,2021,4.5521,3.8352,5.1302
FIN,Baseline,a,mort,2021,0.53696,0.51225,0.54815
FIN,COVID,a,mort,2021,0.59177,0.55334,0.60403
FIN,Baseline,a,inc,2022,4.4831,3.7721,5.0578
FIN,COVID,a,inc,2022,4.5424,3.8279,5.1217
FIN,Baseline,a,mort,2022,0.52921,0.50163,0.54113
FIN,COVID,a,mort,2022,0.58533,0.54871,0.59844
FRA,Baseline,a,inc,2019,8.8752,8.0101,10.033
FRA,COVID,a,inc,2019,8.8752,8.0101,10.033
FRA,Baseline,a,mort,2019,0.78235,0.69211,0.89701
FRA,COVID,a,mort,2019,0.78235,0.69211,0.89701
FRA,Baseline,a,inc,2020,8.7305,7.8315,9.8519
FRA,COVID,a,inc,2020,8.6254,7.7678,9.8026
FRA,Baseline,a,mort,2020,0.76922,0.67229,0.88225
FRA,COVID,a,mort,2020,0.80219,0.70153,0.92567
FRA,Baseline,a,inc,2021,8.6002,7.681,9.6934
FRA,COVID,a,inc,2021,8.6085,7.673,9.7307
FRA,Baseline,a,mort,2021,0.75517,0.65804,0.86885
FRA,COVID,a,mort,2021,0.83739,0.72512,0.96306
FRA,Baseline,a,inc,2022,8.4772,7.5512,9.5576
FRA,COVID,a,inc,2022,8.5766,7.6425,9.6731
FRA,Baseline,a,mort,2022,0.74357,0.64567,0.85632
FRA,COVID,a,mort,2022,0.82939,0.71467,0.94881
GBR,Baseline,a,inc,2019,7.8759,7.2076,8.6678
GBR,COVID,a,inc,2019,7.8759,7.2076,8.6678
GBR,Baseline,a,mort,2019,0.50678,0.47264,0.55023
GBR,COVID,a,mort,2019,0.50678,0.47264,0.55023
GBR,Baseline,a,inc,2020,7.743,7.0788,8.52
GBR,COVID,a,inc,2020,7.6854,7.0376,8.484
GBR,Baseline,a,mort,2020,0.49081,0.46339,0.5401
GBR,COVID,a,mort,2020,0.51388,0.48374,0.56484
GBR,Baseline,a,inc,2021,7.6401,6.9684,8.388
GBR,COVID,a,inc,2021,7.6574,6.9858,8.4234
GBR,Baseline,a,mort,2021,0.48278,0.45544,0.53134
GBR,COVID,a,mort,2021,0.53452,0.4961,0.58685
GBR,Baseline,a,inc,2022,7.5431,6.8317,8.2661
GBR,COVID,a,inc,2022,7.6489,6.9154,8.3894
GBR,Baseline,a,mort,2022,0.47487,0.44833,0.52345
GBR,COVID,a,mort,2022,0.52731,0.4944,0.57901
GEO,Baseline,a,inc,2019,73.9031,60.7786,86.9103
GEO,COVID,a,inc,2019,73.9031,60.7786,86.9103
GEO,Baseline,a,mort,2019,4.1245,3.7175,4.5627
GEO,COVID,a,mort,2019,4.1245,3.7175,4.5627
GEO,Baseline,a,inc,2020,72.327,59.6817,85.4556
GEO,COVID,a,inc,2020,71.9037,58.8526,84.9189
GEO,Baseline,a,mort,2020,4.0366,3.6243,4.4738
GEO,COVID,a,mort,2020,4.1951,3.7465,4.6696
GEO,Baseline,a,inc,2021,71.1754,58.5215,84.177
GEO,COVID,a,inc,2021,71.4788,58.0879,84.3907
GEO,Baseline,a,mort,2021,3.9506,3.5489,4.3988
GEO,COVID,a,mort,2021,4.3592,3.85,4.8502
GEO,Baseline,a,inc,2022,70.0552,57.5203,83.0114
GEO,COVID,a,inc,2022,70.9273,57.9816,84.1424
GEO,Baseline,a,mort,2022,3.8921,3.485,4.3324
GEO,COVID,a,mort,2022,4.3035,3.8484,4.8176
HUN,Baseline,a,inc,2019,6.1923,5.3659,7.3195
HUN,COVID,a,inc,2019,6.1923,5.3659,7.3195
HUN,Baseline,a,mort,2019,0.638,0.61277,0.66939
HUN,COVID,a,mort,2019,0.638,0.61277,0.66939
HUN,Baseline,a,inc,2020,6.0776,5.2846,7.1918
HUN,COVID,a,inc,2020,6.0099,5.2254,7.1526
HUN,Baseline,a,mort,2020,0.62697,0.594,0.65642
HUN,COVID,a,mort,2020,0.65309,0.6095,0.68675
HUN,Baseline,a,inc,2021,5.9779,5.2107,7.0792
HUN,COVID,a,inc,2021,5.9648,5.2,7.1031
HUN,Baseline,a,mort,2021,0.61503,0.57375,0.64592
HUN,COVID,a,mort,2021,0.67804,0.61871,0.7142
HUN,Baseline,a,inc,2022,5.887,5.1285,6.9763
HUN,COVID,a,inc,2022,5.9781,5.188,7.0547
HUN,Baseline,a,mort,2022,0.60542,0.56052,0.63707
HUN,COVID,a,mort,2022,0.67014,0.61341,0.70669
IRL,Baseline,a,inc,2019,5.8573,4.9493,6.687
IRL,COVID,a,inc,2019,5.8573,4.9493,6.687
IRL,Baseline,a,mort,2019,0.40086,0.37519,0.43292
IRL,COVID,a,mort,2019,0.40086,0.37519,0.43292
IRL,Baseline,a,inc,2020,5.7447,4.8439,6.5653
IRL,COVID,a,inc,2020,5.6862,4.8264,6.5187
IRL,Baseline,a,mort,2020,0.39239,0.3673,0.42496
IRL,COVID,a,mort,2020,0.40862,0.38276,0.44605
IRL,Baseline,a,inc,2021,5.6532,4.7559,6.4602
IRL,COVID,a,inc,2021,5.6773,4.7717,6.4565
IRL,Baseline,a,mort,2021,0.38614,0.36065,0.41818
IRL,COVID,a,mort,2021,0.42427,0.39217,0.46453
IRL,Baseline,a,inc,2022,5.5713,4.6789,6.3661
IRL,COVID,a,inc,2022,5.6387,4.7276,6.4486
IRL,Baseline,a,mort,2022,0.38034,0.35267,0.41213
IRL,COVID,a,mort,2022,0.42041,0.38539,0.45703
ISR,Baseline,a,inc,2019,2.8692,2.446,3.3182
ISR,COVID,a,inc,2019,2.8692,2.446,3.3182
ISR,Baseline,a,mort,2019,0.25685,0.23848,0.27424
ISR,COVID,a,mort,2019,0.25685,0.23848,0.27424
ISR,Baseline,a,inc,2020,2.8148,2.407,3.2582
ISR,COVID,a,inc,2020,2.7902,2.3874,3.23
ISR,Baseline,a,mort,2020,0.25186,0.23172,0.26761
ISR,COVID,a,mort,2020,0.26312,0.23888,0.28084
ISR,Baseline,a,inc,2021,2.7734,2.3707,3.2065
ISR,COVID,a,inc,2021,2.7803,2.3847,3.2223
ISR,Baseline,a,mort,2021,0.24816,0.22647,0.2633
ISR,COVID,a,mort,2021,0.27323,0.24711,0.29241
ISR,Baseline,a,inc,2022,2.733,2.3377,3.1601
ISR,COVID,a,inc,2022,2.7678,2.3694,3.2191
ISR,Baseline,a,mort,2022,0.2446,0.22232,0.25937
ISR,COVID,a,mort,2022,0.27035,0.24532,0.28779
ITA,Baseline,a,inc,2019,5.9334,5.1962,6.8665
ITA,COVID,a,inc,2019,5.9334,5.1962,6.8665
ITA,Baseline,a,mort,2019,0.55259,0.52953,0.58041
ITA,COVID,a,mort,2019,0.55259,0.52953,0.58041
ITA,Baseline,a,inc,2020,5.8274,5.1126,6.7527
ITA,COVID,a,inc,2020,5.7853,5.0631,6.6716
ITA,Baseline,a,mort,2020,0.54211,0.51772,0.57022
ITA,COVID,a,mort,2020,0.5655,0.53114,0.5986
ITA,Baseline,a,inc,2021,5.7359,5.0265,6.6522
ITA,COVID,a,inc,2021,5.7428,5.0249,6.6646
ITA,Baseline,a,mort,2021,0.53356,0.49961,0.56135
ITA,COVID,a,mort,2021,0.58782,0.53821,0.62285
ITA,Baseline,a,inc,2022,5.6538,4.949,6.5601
ITA,COVID,a,inc,2022,5.721,4.9991,6.6601
ITA,Baseline,a,mort,2022,0.52526,0.48809,0.55308
ITA,COVID,a,mort,2022,0.58162,0.53311,0.61422
LTU,Baseline,a,inc,2019,41.4452,35.2968,47.9346
LTU,COVID,a,inc,2019,41.4452,35.2968,47.9346
LTU,Baseline,a,mort,2019,4.5873,4.3896,4.7167
LTU,COVID,a,mort,2019,4.5873,4.3896,4.7167
LTU,Baseline,a,inc,2020,40.6715,34.6618,47.0762
LTU,COVID,a,inc,2020,40.4487,34.4258,46.6783
LTU,Baseline,a,mort,2020,4.4945,4.3107,4.6192
LTU,COVID,a,mort,2020,4.6727,4.4942,4.8463
LTU,Baseline,a,inc,2021,40.0832,34.0987,46.3359
LTU,COVID,a,inc,2021,40.1203,34.2266,46.3986
LTU,Baseline,a,mort,2021,4.4278,4.2375,4.543
LTU,COVID,a,mort,2021,4.8418,4.6058,5.0347
LTU,Baseline,a,inc,2022,39.5234,33.5809,45.6705
LTU,COVID,a,inc,2022,40.1065,33.9623,46.2179
LTU,Baseline,a,mort,2022,4.3592,4.1318,4.4756
LTU,COVID,a,mort,2022,4.7953,4.5648,4.9667
LUX,Baseline,a,inc,2019,8.8843,7.6093,10.0641
LUX,COVID,a,inc,2019,8.8843,7.6093,10.0641
LUX,Baseline,a,mort,2019,0.35393,0.28386,0.41882
LUX,COVID,a,mort,2019,0.35393,0.28386,0.41882
LUX,Baseline,a,inc,2020,8.7274,7.4692,9.8829
LUX,COVID,a,inc,2020,8.6699,7.4191,9.8125
LUX,Baseline,a,mort,2020,0.34777,0.27679,0.41109
LUX,COVID,a,mort,2020,0.35984,0.28847,0.43099
LUX,Baseline,a,inc,2021,8.5906,7.3462,9.726
LUX,COVID,a,inc,2021,8.5793,7.3666,9.7645
LUX,Baseline,a,mort,2021,0.33971,0.27239,0.40444
LUX,COVID,a,mort,2021,0.3737,0.29984,0.44942
LUX,Baseline,a,inc,2022,8.4664,7.2342,9.5844
LUX,COVID,a,inc,2022,8.5651,7.3259,9.7522
LUX,Baseline,a,mort,2022,0.33287,0.26838,0.39846
LUX,COVID,a,mort,2022,0.36811,0.29591,0.44336
MDA,Baseline,a,inc,2019,78.3312,69.2915,90.9503
MDA,COVID,a,inc,2019,78.3312,69.2915,90.9503
MDA,Baseline,a,mort,2019,6.7188,6.1689,7.2119
MDA,COVID,a,mort,2019,6.7188,6.1689,7.2119
MDA,Baseline,a,inc,2020,76.458,68.1722,89.3514
MDA,COVID,a,inc,2020,75.9047,67.9461,88.7254
MDA,Baseline,a,mort,2020,6.6143,5.9728,7.0618
MDA,COVID,a,mort,2020,6.8634,6.1437,7.3399
MDA,Baseline,a,inc,2021,75.0752,67.1515,87.9517
MDA,COVID,a,inc,2021,75.4621,67.4896,88.2774
MDA,Baseline,a,mort,2021,6.5022,5.7673,6.9395
MDA,COVID,a,mort,2021,7.1165,6.2906,7.6336
MDA,Baseline,a,inc,2022,73.9126,66.1943,86.6786
MDA,COVID,a,inc,2022,74.9278,66.9181,87.8658
MDA,Baseline,a,mort,2022,6.3916,5.64,6.8399
MDA,COVID,a,mort,2022,7.073,6.2422,7.5694
MNE,Baseline,a,inc,2019,14.5786,12.969,16.8092
MNE,COVID,a,inc,2019,14.5786,12.969,16.8092
MNE,Baseline,a,mort,2019,0.1961,0.175,0.22275
MNE,COVID,a,mort,2019,0.1961,0.175,0.22275
MNE,Baseline,a,inc,2020,14.3129,12.7457,16.514
MNE,COVID,a,inc,2020,14.1738,12.6675,16.4233
MNE,Baseline,a,mort,2020,0.19255,0.17032,0.21851
MNE,COVID,a,mort,2020,0.20156,0.17487,0.22731
MNE,Baseline,a,inc,2021,14.0567,12.5496,16.2549
MNE,COVID,a,inc,2021,14.0955,12.5922,16.3094
MNE,Baseline,a,mort,2021,0.18942,0.16649,0.2149
MNE,COVID,a,mort,2021,0.20904,0.1793,0.23695
MNE,Baseline,a,inc,2022,13.8541,12.371,16.0186
MNE,COVID,a,inc,2022,14.0549,12.5184,16.2001
MNE,Baseline,a,mort,2022,0.18657,0.16253,0.21166
MNE,COVID,a,mort,2022,0.20667,0.17808,0.23523
NLD,Baseline,a,inc,2019,4.9394,4.1886,5.7376
NLD,COVID,a,inc,2019,4.9394,4.1886,5.7376
NLD,Baseline,a,mort,2019,0.19497,0.1793,0.21333
NLD,COVID,a,mort,2019,0.19497,0.1793,0.21333
NLD,Baseline,a,inc,2020,4.8474,4.0914,5.6428
NLD,COVID,a,inc,2020,4.7994,4.0336,5.5863
NLD,Baseline,a,mort,2020,0.19107,0.17542,0.20973
NLD,COVID,a,mort,2020,0.19924,0.18231,0.2199
NLD,Baseline,a,inc,2021,4.7465,4.0105,5.5585
NLD,COVID,a,inc,2021,4.7502,3.9914,5.5663
NLD,Baseline,a,mort,2021,0.18758,0.17223,0.2065
NLD,COVID,a,mort,2021,0.20667,0.18888,0.2286
NLD,Baseline,a,inc,2022,4.6612,3.9415,5.4808
NLD,COVID,a,inc,2022,4.7252,3.9915,5.5453
NLD,Baseline,a,mort,2022,0.18497,0.16947,0.20349
NLD,COVID,a,mort,2022,0.20428,0.18747,0.22531
PRT,Baseline,a,inc,2019,18.8448,16.3883,21.5484
PRT,COVID,a,inc,2019,18.8448,16.3883,21.5484
PRT,Baseline,a,mort,2019,2.6675,2.5523,2.7944
PRT,COVID,a,mort,2019,2.6675,2.5523,2.7944
PRT,Baseline,a,inc,2020,18.5446,16.0842,21.1579
PRT,COVID,a,inc,2020,18.4109,16.0153,20.966
PRT,Baseline,a,mort,2020,2.6182,2.4833,2.746
PRT,COVID,a,mort,2020,2.7224,2.595,2.8791
PRT,Baseline,a,inc,2021,18.2496,15.8193,20.8208
PRT,COVID,a,inc,2021,18.2769,15.8627,20.8966
PRT,Baseline,a,mort,2021,2.5765,2.432,2.7036
PRT,COVID,a,mort,2021,2.8281,2.678,3.0069
PRT,Baseline,a,inc,2022,17.9809,15.5788,20.5173
PRT,COVID,a,inc,2022,18.1607,15.7252,20.8678
PRT,Baseline,a,mort,2022,2.538,2.3871,2.6648
PRT,COVID,a,mort,2022,2.8125,2.643,2.9687
SRB,Baseline,a,inc,2019,13.7825,11.7889,16.7835
SRB,COVID,a,inc,2019,13.7825,11.7889,16.7835
SRB,Baseline,a,mort,2019,1.0839,0.95244,1.2056
SRB,COVID,a,mort,2019,1.0839,0.95244,1.2056
SRB,Baseline,a,inc,2020,13.5774,11.6025,16.4863
SRB,COVID,a,inc,2020,13.4454,11.5003,16.3747
SRB,Baseline,a,mort,2020,1.0619,0.93436,1.1825
SRB,COVID,a,mort,2020,1.1011,0.97573,1.2385
SRB,Baseline,a,inc,2021,13.3486,11.435,16.2259
SRB,COVID,a,inc,2021,13.3596,11.5111,16.3108
SRB,Baseline,a,mort,2021,1.0443,0.91801,1.165
SRB,COVID,a,mort,2021,1.148,0.99441,1.2873
SRB,Baseline,a,inc,2022,13.1421,11.2794,15.9885
SRB,COVID,a,inc,2022,13.2977,11.4929,16.2294
SRB,Baseline,a,mort,2022,1.0285,0.8913,1.1485
SRB,COVID,a,mort,2022,1.1409,0.97691,1.2693
SVK,Baseline,a,inc,2019,4.4689,3.8578,5.1823
SVK,COVID,a,inc,2019,4.4689,3.8578,5.1823
SVK,Baseline,a,mort,2019,0.65555,0.63129,0.66888
SVK,COVID,a,mort,2019,0.65555,0.63129,0.66888
SVK,Baseline,a,inc,2020,4.3945,3.7721,5.0909
SVK,COVID,a,inc,2020,4.3662,3.7345,5.0546
SVK,Baseline,a,mort,2020,0.64103,0.61488,0.65765
SVK,COVID,a,mort,2020,0.66842,0.63348,0.68655
SVK,Baseline,a,inc,2021,4.3279,3.6998,5.0112
SVK,COVID,a,inc,2021,4.3348,3.6873,5.0323
SVK,Baseline,a,mort,2021,0.62967,0.59499,0.64778
SVK,COVID,a,mort,2021,0.69498,0.65289,0.71439
SVK,Baseline,a,inc,2022,4.2636,3.6374,4.9387
SVK,COVID,a,inc,2022,4.2978,3.675,5.011
SVK,Baseline,a,mort,2022,0.61991,0.58346,0.63874
SVK,COVID,a,mort,2022,0.68627,0.64564,0.70939
SVN,Baseline,a,inc,2019,5.4189,4.5603,6.3309
SVN,COVID,a,inc,2019,5.4189,4.5603,6.3309
SVN,Baseline,a,mort,2019,0.70409,0.67695,0.7245
SVN,COVID,a,mort,2019,0.70409,0.67695,0.7245
SVN,Baseline,a,inc,2020,5.325,4.4724,6.2093
SVN,COVID,a,inc,2020,5.2742,4.4395,6.1503
SVN,Baseline,a,mort,2020,0.69067,0.65828,0.71146
SVN,COVID,a,mort,2020,0.71619,0.68437,0.74222
SVN,Baseline,a,inc,2021,5.2431,4.3399,6.1127
SVN,COVID,a,inc,2021,5.2493,4.3378,6.1202
SVN,Baseline,a,mort,2021,0.67951,0.64222,0.70089
SVN,COVID,a,mort,2021,0.74805,0.69972,0.77299
SVN,Baseline,a,inc,2022,5.1663,4.2318,6.0234
SVN,COVID,a,inc,2022,5.2211,4.28,6.0928
SVN,Baseline,a,mort,2022,0.66916,0.6289,0.69124
SVN,COVID,a,mort,2022,0.73837,0.69378,0.76847
SWE,Baseline,a,inc,2019,5.509,4.6463,6.3067
SWE,COVID,a,inc,2019,5.509,4.6463,6.3067
SWE,Baseline,a,mort,2019,0.23731,0.2269,0.24482
SWE,COVID,a,mort,2019,0.23731,0.2269,0.24482
SWE,Baseline,a,inc,2020,5.413,4.5567,6.1842
SWE,COVID,a,inc,2020,5.3841,4.5386,6.1481
SWE,Baseline,a,mort,2020,0.23278,0.22079,0.24068
SWE,COVID,a,mort,2020,0.24297,0.22775,0.25161
SWE,Baseline,a,inc,2021,5.3287,4.4802,6.0804
SWE,COVID,a,inc,2021,5.3497,4.4949,6.1044
SWE,Baseline,a,mort,2021,0.22864,0.21548,0.23716
SWE,COVID,a,mort,2021,0.25187,0.23296,0.26244
SWE,Baseline,a,inc,2022,5.252,4.4122,5.9887
SWE,COVID,a,inc,2022,5.3249,4.4611,6.0741
SWE,Baseline,a,mort,2022,0.22517,0.21107,0.23402
SWE,COVID,a,mort,2022,0.24915,0.23102,0.26007
TJK,Baseline,a,inc,2019,82.9784,63.3852,101.8263
TJK,COVID,a,inc,2019,82.9784,63.3852,101.8263
TJK,Baseline,a,mort,2019,8.4074,7.5038,9.518
TJK,COVID,a,mort,2019,8.4074,7.5038,9.518
TJK,Baseline,a,inc,2020,81.4679,62.4577,100.0178
TJK,COVID,a,inc,2020,80.6676,61.9932,99.5628
TJK,Baseline,a,mort,2020,8.2246,7.3879,9.3317
TJK,COVID,a,mort,2020,8.5567,7.7142,9.7099
TJK,Baseline,a,inc,2021,80.1708,61.6064,98.4198
TJK,COVID,a,inc,2021,80.5126,61.7787,98.79
TJK,Baseline,a,mort,2021,8.0736,7.2631,9.181
TJK,COVID,a,mort,2021,8.8428,7.8714,10.0892
TJK,Baseline,a,inc,2022,79.0093,60.8031,96.9572
TJK,COVID,a,inc,2022,80.5191,61.5792,98.0866
TJK,Baseline,a,mort,2022,7.9434,7.0537,9.0454
TJK,COVID,a,mort,2022,8.7848,7.7358,10.0007