AFG,Baseline,a,inc,2019,188.0059,121.9203,269.3635
AFG,COVID,a,inc,2019,188.0059,121.9203,269.3635
AFG,Baseline,a,mort,2019,25.9674,15.8987,38.4948
AFG,COVID,a,mort,2019,25.9674,15.8987,38.4948
AFG,Baseline,a,inc,2020,187.5577,121.0419,263.853
AFG,COVID,a,inc,2020,183.0524,117.6535,259.659
AFG,Baseline,a,mort,2020,25.4333,15.7417,37.8576
AFG,COVID,a,mort,2020,26.3388,16.5234,38.5563
AFG,Baseline,a,inc,2021,186.2542,118.746,259.2184
AFG,COVID,a,inc,2021,184.5619,117.8988,256.887
AFG,Baseline,a,mort,2021,25.0275,15.5534,37.4005
AFG,COVID,a,mort,2021,25.6404,16.173,37.971
AFG,Baseline,a,inc,2022,186.0362,117.1487,255.7043
AFG,COVID,a,inc,2022,185.0374,116.7619,254.9391
AFG,Baseline,a,mort,2022,24.7465,15.3385,37.0236
AFG,COVID,a,mort,2022,24.1203,14.862,36.4077
AGO,Baseline,a,inc,2019,349.0319,223.6926,500.2189
AGO,COVID,a,inc,2019,349.0319,223.6926,500.2189
AGO,Baseline,a,mort,2019,61.038,38.0906,88.8372
AGO,COVID,a,mort,2019,61.038,38.0906,88.8372
AGO,Baseline,a,inc,2020,340.3794,212.4167,494.8215
AGO,COVID,a,inc,2020,332.814,208.692,479.4017
AGO,Baseline,a,mort,2020,59.4711,36.5671,88.1851
AGO,COVID,a,mort,2020,59.9762,36.8785,88.6632
AGO,Baseline,a,inc,2021,327.9347,203.407,490.4931
AGO,COVID,a,inc,2021,321.7004,200.3026,476.0519
AGO,Baseline,a,mort,2021,58.3438,35.4324,87.7147
AGO,COVID,a,mort,2021,59.4148,36.9715,89.9115
AGO,Baseline,a,inc,2022,326.9787,196.2524,487.1212
AGO,COVID,a,inc,2022,333.3684,202.1426,492.4078
AGO,Baseline,a,mort,2022,57.0536,34.6119,87.4245
AGO,COVID,a,mort,2022,62.4648,39.978,95.8996
AZE,Baseline,a,inc,2019,59.803,45.5009,75.6221
AZE,COVID,a,inc,2019,59.803,45.5009,75.6221
AZE,Baseline,a,mort,2019,6.0693,5.5166,6.5718
AZE,COVID,a,mort,2019,6.0693,5.5166,6.5718
AZE,Baseline,a,inc,2020,58.6511,44.7738,74.7259
AZE,COVID,a,inc,2020,57.7232,44.3033,73.6598
AZE,Baseline,a,mort,2020,5.9554,5.42,6.4809
AZE,COVID,a,mort,2020,6.5411,5.9024,7.1116
AZE,Baseline,a,inc,2021,57.6913,43.8891,73.8422
AZE,COVID,a,inc,2021,61.7374,45.5844,78.6437
AZE,Baseline,a,mort,2021,5.8923,5.3064,6.4297
AZE,COVID,a,mort,2021,8.7239,7.163,9.8007
AZE,Baseline,a,inc,2022,57.1178,43.3878,72.9809
AZE,COVID,a,inc,2022,67.8447,48.017,88.7259
AZE,Baseline,a,mort,2022,5.8203,5.2273,6.3713
AZE,COVID,a,mort,2022,10.1207,7.9752,12.0728
BGD,Baseline,a,inc,2019,221.5135,163.3466,288.7081
BGD,COVID,a,inc,2019,221.5135,163.3466,288.7081
BGD,Baseline,a,mort,2019,23.5104,14.8252,34.5529
BGD,COVID,a,mort,2019,23.5104,14.8252,34.5529
BGD,Baseline,a,inc,2020,219.6867,165.4593,281.9564
BGD,COVID,a,inc,2020,217.4557,164.0167,280.8759
BGD,Baseline,a,mort,2020,22.8253,14.5531,33.7832
BGD,COVID,a,mort,2020,26.0587,16.8387,37.7519
BGD,Baseline,a,inc,2021,217.5302,166.0858,277.318
BGD,COVID,a,inc,2021,227.7607,176.7244,291.7322
BGD,Baseline,a,mort,2021,22.2718,14.4518,32.786
BGD,COVID,a,mort,2021,25.7494,16.8629,37.2512
BGD,Baseline,a,inc,2022,216.3869,169.9915,272.8075
BGD,COVID,a,inc,2022,229.1871,181.4816,291.5089
BGD,Baseline,a,mort,2022,22.178,14.3894,32.1296
BGD,COVID,a,mort,2022,24.8229,16.4155,35.9492
BRA,Baseline,a,inc,2019,46.1493,39.1978,53.5929
BRA,Baseline,pos,inc,2019,5.0505,4.2637,5.7444
BRA,COVID,a,inc,2019,46.1493,39.1978,53.5929
BRA,COVID,pos,inc,2019,5.0505,4.2637,5.7444
BRA,Baseline,a,mort,2019,3.3157,3.0134,3.6452
BRA,Baseline,pos,mort,2019,0.85201,0.57797,1.2158
BRA,COVID,a,mort,2019,3.3157,3.0134,3.6452
BRA,COVID,pos,mort,2019,0.85201,0.57797,1.2158
BRA,Baseline,a,inc,2020,46.5364,39.3946,54.0813
BRA,Baseline,pos,inc,2020,5.2064,4.4082,5.9246
BRA,COVID,a,inc,2020,45.5088,38.9307,52.6455
BRA,COVID,pos,inc,2020,5.0408,4.3203,5.7229
BRA,Baseline,a,mort,2020,3.3605,3.0486,3.6992
BRA,Baseline,pos,mort,2020,0.88008,0.59652,1.252
BRA,COVID,a,mort,2020,3.6006,3.2592,3.9191
BRA,COVID,pos,mort,2020,0.93954,0.63767,1.3292
BRA,Baseline,a,inc,2021,46.8538,39.622,54.3599
BRA,Baseline,pos,inc,2021,5.3594,4.5379,6.1088
BRA,COVID,a,inc,2021,48.6458,41.6094,55.6246
BRA,COVID,pos,inc,2021,6.6818,5.6812,7.9367
BRA,Baseline,a,mort,2021,3.3921,3.0848,3.7442
BRA,Baseline,pos,mort,2021,0.90547,0.61509,1.2874
BRA,COVID,a,mort,2021,3.7837,3.4484,4.1536
BRA,COVID,pos,mort,2021,1.3859,0.9512,1.9943
BRA,Baseline,a,inc,2022,47.251,39.8865,54.7134
BRA,Baseline,pos,inc,2022,5.5096,4.6649,6.2971
BRA,COVID,a,inc,2022,48.8093,41.5578,56.0557
BRA,COVID,pos,inc,2022,8.8651,7.3816,10.857
BRA,Baseline,a,mort,2022,3.4238,3.1097,3.7866
BRA,Baseline,pos,mort,2022,0.93281,0.63429,1.3207
BRA,COVID,a,mort,2022,3.571,3.264,3.9318
BRA,COVID,pos,mort,2022,2.0267,1.3741,2.9085
COL,Baseline,a,inc,2019,35.3304,27.1845,45.1677
COL,Baseline,pos,inc,2019,4.4438,3.3819,5.6395
COL,COVID,a,inc,2019,35.3304,27.1845,45.1677
COL,COVID,pos,inc,2019,4.4438,3.3819,5.6395
COL,Baseline,a,mort,2019,3.1968,2.7972,3.5414
COL,Baseline,pos,mort,2019,1.0056,0.71703,1.4146
COL,COVID,a,mort,2019,3.1968,2.7972,3.5414
COL,COVID,pos,mort,2019,1.0056,0.71703,1.4146
COL,Baseline,a,inc,2020,35.4474,27.2326,45.2077
COL,Baseline,pos,inc,2020,4.4696,3.3947,5.6997
COL,COVID,a,inc,2020,34.8841,26.7538,44.593
COL,COVID,pos,inc,2020,4.3487,3.3161,5.4897
COL,Baseline,a,mort,2020,3.2029,2.8107,3.5633
COL,Baseline,pos,mort,2020,1.0103,0.70717,1.4254
COL,COVID,a,mort,2020,3.6141,3.1536,3.9531
COL,COVID,pos,mort,2020,1.1029,0.79009,1.5446
COL,Baseline,a,inc,2021,35.6344,27.2874,45.1809
COL,Baseline,pos,inc,2021,4.496,3.3895,5.7829
COL,COVID,a,inc,2021,41.4004,32.6999,50.0102
COL,COVID,pos,inc,2021,5.7892,4.0753,7.5321
COL,Baseline,a,mort,2021,3.2072,2.8242,3.5812
COL,Baseline,pos,mort,2021,1.0131,0.69852,1.4361
COL,COVID,a,mort,2021,4.9999,4.3699,5.754
COL,COVID,pos,mort,2021,1.5951,1.0667,2.3257
COL,Baseline,a,inc,2022,35.8004,27.3492,45.1464
COL,Baseline,pos,inc,2022,4.5167,3.3745,5.8486
COL,COVID,a,inc,2022,47.3335,36.9522,57.566
COL,COVID,pos,inc,2022,7.0203,4.7739,9.331
COL,Baseline,a,mort,2022,3.2129,2.8216,3.5987
COL,Baseline,pos,mort,2022,1.018,0.69079,1.447
COL,COVID,a,mort,2022,5.2378,4.4984,6.1666
COL,COVID,pos,mort,2022,1.9816,1.2697,2.9287
IDN,Baseline,a,inc,2019,309.9029,284.448,336.6336
IDN,COVID,a,inc,2019,309.9029,284.448,336.6336
IDN,Baseline,a,mort,2019,35.6726,32.7085,38.6337
IDN,COVID,a,mort,2019,35.6726,32.7085,38.6337
IDN,Baseline,a,inc,2020,306.0911,282.3421,331.9747
IDN,COVID,a,inc,2020,300.5298,276.7021,325.4162
IDN,Baseline,a,mort,2020,35.0701,32.1018,37.887
IDN,COVID,a,mort,2020,38.8249,35.2601,42.242
IDN,Baseline,a,inc,2021,303.9185,280.1394,329.3476
IDN,COVID,a,inc,2021,338.8672,304.0487,368.6322
IDN,Baseline,a,mort,2021,34.5862,31.8258,37.483
IDN,COVID,a,mort,2021,49.3571,43.2698,54.7421
IDN,Baseline,a,inc,2022,301.9413,277.1697,328.478
IDN,COVID,a,inc,2022,384.6483,335.3902,423.2235
IDN,Baseline,a,mort,2022,34.2327,31.506,37.1325
IDN,COVID,a,mort,2022,51.007,44.7569,57.0026
KAZ,Baseline,a,inc,2019,67.8449,44.8979,96.3328
KAZ,COVID,a,inc,2019,67.8449,44.8979,96.3328
KAZ,Baseline,a,mort,2019,3.5388,3.2547,3.8508
KAZ,COVID,a,mort,2019,3.5388,3.2547,3.8508
KAZ,Baseline,a,inc,2020,66.9716,44.1468,93.11
KAZ,COVID,a,inc,2020,67.1376,44.7773,92.4419
KAZ,Baseline,a,mort,2020,3.4466,3.1724,3.7366
KAZ,COVID,a,mort,2020,4.2775,3.8569,4.6727
KAZ,Baseline,a,inc,2021,66.1236,43.7332,90.8834
KAZ,COVID,a,inc,2021,72.2392,50.2999,97.9125
KAZ,Baseline,a,mort,2021,3.3756,3.0924,3.6459
KAZ,COVID,a,mort,2021,5.2121,4.7244,5.6909
KAZ,Baseline,a,inc,2022,65.284,43.6039,89.3823
KAZ,COVID,a,inc,2022,77.6074,51.9628,107.5603
KAZ,Baseline,a,mort,2022,3.3197,3.0315,3.5802
KAZ,COVID,a,mort,2022,5.9858,5.2818,6.8117
KEN,Baseline,a,inc,2019,260.621,162.7566,389.7368
KEN,Baseline,pos,inc,2019,68.148,41.0603,99.7579
KEN,COVID,a,inc,2019,260.621,162.7566,389.7368
KEN,COVID,pos,inc,2019,68.148,41.0603,99.7579
KEN,Baseline,a,mort,2019,60.4876,40.7795,83.9543
KEN,Baseline,pos,mort,2019,23.2441,14.4724,34.6862
KEN,COVID,a,mort,2019,60.4876,40.7795,83.9543
KEN,COVID,pos,mort,2019,23.2441,14.4724,34.6862
KEN,Baseline,a,inc,2020,255.4819,159.6376,380.8708
KEN,Baseline,pos,inc,2020,63.4499,38.1499,93.6044
KEN,COVID,a,inc,2020,249.1454,157.3017,370.1574
KEN,COVID,pos,inc,2020,60.5937,36.9483,89.5179
KEN,Baseline,a,mort,2020,57.9506,38.6751,81.2967
KEN,Baseline,pos,mort,2020,21.4605,13.5031,32.1734
KEN,COVID,a,mort,2020,59.1288,39.8919,82.5648
KEN,COVID,pos,mort,2020,21.7249,13.9233,32.469
KEN,Baseline,a,inc,2021,246.3995,154.5175,374.4392
KEN,Baseline,pos,inc,2021,59.266,36.0617,88.4147
KEN,COVID,a,inc,2021,249.2416,157.7704,376.943
KEN,COVID,pos,inc,2021,61.4691,36.482,91.6967
KEN,Baseline,a,mort,2021,56.0875,36.7939,78.923
KEN,Baseline,pos,mort,2021,19.9552,12.5739,30.0344
KEN,COVID,a,mort,2021,59.9467,40.6453,83.2779
KEN,COVID,pos,mort,2021,21.536,13.5761,32.2621
KEN,Baseline,a,inc,2022,240.8691,149.9977,366.8423
KEN,Baseline,pos,inc,2022,55.9986,34.1062,84.0851
KEN,COVID,a,inc,2022,236.9993,148.5198,363.0772
KEN,COVID,pos,inc,2022,53.9755,32.503,81.2971
KEN,Baseline,a,mort,2022,54.4727,35.4697,76.7319
KEN,Baseline,pos,mort,2022,18.7267,11.7513,28.2895
KEN,COVID,a,mort,2022,48.7104,31.1595,69.8279
KEN,COVID,pos,mort,2022,16.4574,10.0989,25.2921
KGZ,Baseline,a,inc,2019,109.0952,93.3521,129.8446
KGZ,COVID,a,inc,2019,109.0952,93.3521,129.8446
KGZ,Baseline,a,mort,2019,4.9529,4.8606,5.0757
KGZ,COVID,a,mort,2019,4.9529,4.8606,5.0757
KGZ,Baseline,a,inc,2020,107.4833,91.6205,127.698
KGZ,COVID,a,inc,2020,106.1616,91.5722,125.9292
KGZ,Baseline,a,mort,2020,4.8669,4.7504,5.0028
KGZ,COVID,a,mort,2020,5.5626,5.348,5.8424
KGZ,Baseline,a,inc,2021,106.0259,90.9157,125.9357
KGZ,COVID,a,inc,2021,115.1265,98.9827,134.4413
KGZ,Baseline,a,mort,2021,4.7968,4.6448,4.9666
KGZ,COVID,a,mort,2021,6.9055,6.4689,7.4254
KGZ,Baseline,a,inc,2022,104.7515,90.1052,124.6448
KGZ,COVID,a,inc,2022,129.5652,106.3688,152.1946
KGZ,Baseline,a,mort,2022,4.7391,4.5526,4.9378
KGZ,COVID,a,mort,2022,8.4383,7.3273,9.4159
KHM,Baseline,a,inc,2019,285.6104,185.6312,405.9514
KHM,COVID,a,inc,2019,285.6104,185.6312,405.9514
KHM,Baseline,a,mort,2019,19.8228,13.1105,27.7259
KHM,COVID,a,mort,2019,19.8228,13.1105,27.7259
KHM,Baseline,a,inc,2020,285.8799,184.4843,401.9209
KHM,COVID,a,inc,2020,278.8154,180.4908,392.8418
KHM,Baseline,a,mort,2020,19.643,13.1365,27.3331
KHM,COVID,a,mort,2020,19.5151,13.0376,27.1605
KHM,Baseline,a,inc,2021,284.11,183.717,398.9872
KHM,COVID,a,inc,2021,282.3164,182.7617,395.2956
KHM,Baseline,a,mort,2021,19.6301,13.1296,27.1566
KHM,COVID,a,mort,2021,23.1431,15.7851,32.0072
KHM,Baseline,a,inc,2022,283.0865,183.2523,396.9897
KHM,COVID,a,inc,2022,320.0975,207.2946,443.5891
KHM,Baseline,a,mort,2022,19.5938,13.163,27.0526
KHM,COVID,a,mort,2022,26.9232,18.5524,37.0617
LSO,Baseline,a,inc,2019,643.848,395.5501,937.8745
LSO,Baseline,pos,inc,2019,390.1215,237.7076,581.5385
LSO,COVID,a,inc,2019,643.848,395.5501,937.8745
LSO,COVID,pos,inc,2019,390.1215,237.7076,581.5385
LSO,Baseline,a,mort,2019,217.444,148.8496,301.9708
LSO,Baseline,pos,mort,2019,163.2299,99.1983,242.0218
LSO,COVID,a,mort,2019,217.444,148.8496,301.9708
LSO,COVID,pos,mort,2019,163.2299,99.1983,242.0218
LSO,Baseline,a,inc,2020,613.7806,374.1479,901.1279
LSO,Baseline,pos,inc,2020,364.8793,227.3347,554.3653
LSO,COVID,a,inc,2020,599.7906,366.1942,879.2185
LSO,COVID,pos,inc,2020,352.3629,223.2641,531.8624
LSO,Baseline,a,mort,2020,203.2999,139.9416,283.9648
LSO,Baseline,pos,mort,2020,152.7303,92.1756,227.3278
LSO,COVID,a,mort,2020,215.2534,150.5849,299.5395
LSO,COVID,pos,mort,2020,161.6709,100.7492,236.363
LSO,Baseline,a,inc,2021,594.5645,356.3713,869.7623
LSO,Baseline,pos,inc,2021,346.8051,211.8246,532.5024
LSO,COVID,a,inc,2021,629.7735,377.5291,937.2547
LSO,COVID,pos,inc,2021,384.3892,215.7016,610.6686
LSO,Baseline,a,mort,2021,192.5293,130.4182,267.0808
LSO,Baseline,pos,mort,2021,144.3063,85.054,214.4443
LSO,COVID,a,mort,2021,232.1347,160.4295,325.3219
LSO,COVID,pos,mort,2021,174.8271,101.828,258.2248
LSO,Baseline,a,inc,2022,572.3726,341.248,843.8777
LSO,Baseline,pos,inc,2022,330.5415,195.9096,514.8047
LSO,COVID,a,inc,2022,660.9346,385.7512,994.7554
LSO,COVID,pos,inc,2022,397.1345,204.7042,654.2534
LSO,Baseline,a,mort,2022,182.8504,119.9278,252.9559
LSO,Baseline,pos,mort,2022,137.9248,76.1173,202.1704
LSO,COVID,a,mort,2022,236.8863,157.0027,338.6256
LSO,COVID,pos,mort,2022,176.7376,94.892,269.2961
MEX,Baseline,a,inc,2019,22.9474,17.8809,28.9572
MEX,COVID,a,inc,2019,22.9474,17.8809,28.9572
MEX,Baseline,a,mort,2019,2.3849,2.1762,2.5882
MEX,COVID,a,mort,2019,2.3849,2.1762,2.5882
MEX,Baseline,a,inc,2020,22.7893,17.5666,28.8071
MEX,COVID,a,inc,2020,22.6857,17.2887,28.9599
MEX,Baseline,a,mort,2020,2.361,2.1621,2.5712
MEX,COVID,a,mort,2020,2.8184,2.5641,3.078
MEX,Baseline,a,inc,2021,22.6437,17.2992,28.7085
MEX,COVID,a,inc,2021,25.3455,18.8245,32.7513
MEX,Baseline,a,mort,2021,2.347,2.1488,2.5556
MEX,COVID,a,mort,2021,3.7714,3.3848,4.1246
MEX,Baseline,a,inc,2022,22.5022,17.0672,28.6182
MEX,COVID,a,inc,2022,28.3345,20.0821,37.0557
MEX,Baseline,a,mort,2022,2.3315,2.1315,2.5378
MEX,COVID,a,mort,2022,3.8914,3.4127,4.4072
MMR,Baseline,a,inc,2019,315.9738,206.2825,454.9893
MMR,COVID,a,inc,2019,315.9738,206.2825,454.9893
MMR,Baseline,a,mort,2019,40.179,26.7421,58.5938
MMR,COVID,a,mort,2019,40.179,26.7421,58.5938
MMR,Baseline,a,inc,2020,310.3976,199.7796,448.9475
MMR,COVID,a,inc,2020,306.1319,195.9728,445.026
MMR,Baseline,a,mort,2020,39.472,26.1107,57.7101
MMR,COVID,a,mort,2020,44.4603,29.8856,63.5906
MMR,Baseline,a,inc,2021,307.7907,198.1926,443.3324
MMR,COVID,a,inc,2021,361.7995,236.3194,516.9898
MMR,Baseline,a,mort,2021,38.8662,25.6684,56.7554
MMR,COVID,a,mort,2021,68.73,46.5167,94.04
MMR,Baseline,a,inc,2022,306.0185,195.4708,438.7131
MMR,COVID,a,inc,2022,474.6988,312.1179,675.2747
MMR,Baseline,a,mort,2022,38.4348,25.1795,56.0258
MMR,COVID,a,mort,2022,91.1871,60.2667,122.7193
MNG,Baseline,a,inc,2019,414.8815,217.1785,738.3814
MNG,COVID,a,inc,2019,414.8815,217.1785,738.3814
MNG,Baseline,a,mort,2019,9.9752,9.1494,10.8872
MNG,COVID,a,mort,2019,9.9752,9.1494,10.8872
MNG,Baseline,a,inc,2020,414.8815,217.1789,738.3805
MNG,COVID,a,inc,2020,401.9666,204.6375,715.5436
MNG,Baseline,a,mort,2020,9.9752,9.1494,10.8872
MNG,COVID,a,mort,2020,9.9292,9.1253,10.8671
MNG,Baseline,a,inc,2021,414.8815,217.1794,738.3797
MNG,COVID,a,inc,2021,414.3767,220.409,735.4365
MNG,Baseline,a,mort,2021,9.9752,9.1494,10.8872
MNG,COVID,a,mort,2021,11.2986,10.136,12.4498
MNG,Baseline,a,inc,2022,414.8816,217.1799,738.379
MNG,COVID,a,inc,2022,452.4713,251.6075,799.2431
MNG,Baseline,a,mort,2022,9.9752,9.1494,10.8872
MNG,COVID,a,mort,2022,12.6532,11.1492,14.462
MYS,Baseline,a,inc,2019,92.5064,80.8458,107.7873
MYS,COVID,a,inc,2019,92.5064,80.8458,107.7873
MYS,Baseline,a,mort,2019,5.5919,3.904,8.6113
MYS,COVID,a,mort,2019,5.5919,3.904,8.6113
MYS,Baseline,a,inc,2020,91.6926,80.1652,107.3918
MYS,COVID,a,inc,2020,90.7585,79.3827,106.0272
MYS,Baseline,a,mort,2020,5.5699,3.8641,8.594
MYS,COVID,a,mort,2020,6.0118,4.232,9.138
MYS,Baseline,a,inc,2021,91.164,79.3993,107.1431
MYS,COVID,a,inc,2021,97.4305,82.6549,112.5751
MYS,Baseline,a,mort,2021,5.5622,3.8267,8.5815
MYS,COVID,a,mort,2021,7.3368,5.2836,11.1126
MYS,Baseline,a,inc,2022,90.8854,78.7178,106.9248
MYS,COVID,a,inc,2022,112.8937,91.6773,130.1943
MYS,Baseline,a,mort,2022,5.5346,3.7921,8.5716
MYS,COVID,a,mort,2022,9.3039,6.7395,14.1169
NPL,Baseline,a,inc,2019,234.5827,144.2375,386.1519
NPL,COVID,a,inc,2019,234.5827,144.2375,386.1519
NPL,Baseline,a,mort,2019,60.8674,33.1739,98.9785
NPL,COVID,a,mort,2019,60.8674,33.1739,98.9785
NPL,Baseline,a,inc,2020,231.4218,142.899,384.586
NPL,COVID,a,inc,2020,226.2909,140.1596,375.2105
NPL,Baseline,a,mort,2020,59.6167,32.4472,98.5041
NPL,COVID,a,mort,2020,60.2128,32.8393,98.8788
NPL,Baseline,a,inc,2021,229.6684,141.3911,383.3416
NPL,COVID,a,inc,2021,226.3296,140.0166,376.9785
NPL,Baseline,a,mort,2021,59.1187,31.8665,98.0598
NPL,COVID,a,mort,2021,60.1426,33.0189,99.117
NPL,Baseline,a,inc,2022,228.156,140.8669,382.1326
NPL,COVID,a,inc,2022,228.6783,141.2709,381.9076
NPL,Baseline,a,mort,2022,58.3929,31.4293,97.6068
NPL,COVID,a,mort,2022,58.2707,31.4555,97.245
PAK,Baseline,a,inc,2019,264.2517,186.1675,360.6529
PAK,COVID,a,inc,2019,264.2517,186.1675,360.6529
PAK,Baseline,a,mort,2019,20.3377,15.737,25.2928
PAK,COVID,a,mort,2019,20.3377,15.737,25.2928
PAK,Baseline,a,inc,2020,259.9265,187.3318,349.9879
PAK,COVID,a,inc,2020,257.1811,183.1275,345.1428
PAK,Baseline,a,mort,2020,19.9796,15.4028,24.6239
PAK,COVID,a,mort,2020,22.1567,17.3983,27.3206
PAK,Baseline,a,inc,2021,256.9374,188.6812,345.6366
PAK,COVID,a,inc,2021,265.8513,194.3993,354.5861
PAK,Baseline,a,mort,2021,19.6724,15.2051,24.2327
PAK,COVID,a,mort,2021,22.5227,17.517,28.0664
PAK,Baseline,a,inc,2022,255.0227,188.8392,344.7964
PAK,COVID,a,inc,2022,257.8936,189.4322,350.0729
PAK,Baseline,a,mort,2022,19.6562,15.0127,23.9381
PAK,COVID,a,mort,2022,15.3768,11.3122,18.9904
PER,Baseline,a,inc,2019,117.7584,94.3453,158.2454
PER,COVID,a,inc,2019,117.7584,94.3453,158.2454
PER,Baseline,a,mort,2019,8.7956,7.2119,10.6552
PER,COVID,a,mort,2019,8.7956,7.2119,10.6552
PER,Baseline,a,inc,2020,115.9697,93.3246,155.4482
PER,COVID,a,inc,2020,115.0201,92.9164,153.9104
PER,Baseline,a,mort,2020,8.6505,7.1165,10.4644
PER,COVID,a,mort,2020,10.2552,8.4423,12.3171
PER,Baseline,a,inc,2021,114.5704,92.5203,153.3452
PER,COVID,a,inc,2021,128.3123,103.4343,166.1189
PER,Baseline,a,mort,2021,8.5466,7.0315,10.3071
PER,COVID,a,mort,2021,13.7982,11.2638,16.5086
PER,Baseline,a,inc,2022,113.7586,91.8709,151.5286
PER,COVID,a,inc,2022,151.4856,117.2971,201.4932
PER,Baseline,a,mort,2022,8.4336,6.9442,10.1769
PER,COVID,a,mort,2022,17.7892,13.89,21.4999
PHL,Baseline,a,inc,2019,561.7726,313.8766,918.4915
PHL,COVID,a,inc,2019,561.7726,313.8766,918.4915
PHL,Baseline,a,mort,2019,26.56,24.6307,28.6336
PHL,COVID,a,mort,2019,26.56,24.6307,28.6336
PHL,Baseline,a,inc,2020,546.6005,300.8699,900.8724
PHL,COVID,a,inc,2020,544.0479,297.143,899.3735
PHL,Baseline,a,mort,2020,25.7686,23.8885,27.7478
PHL,COVID,a,mort,2020,30.9103,28.5296,33.3032
PHL,Baseline,a,inc,2021,534.255,290.4696,885.9242
PHL,COVID,a,inc,2021,596.4222,322.3934,991.146
PHL,Baseline,a,mort,2021,25.1788,23.2211,27.0165
PHL,COVID,a,mort,2021,35.7994,32.9843,38.6831
PHL,Baseline,a,inc,2022,523.2185,282.2824,873.2945
PHL,COVID,a,inc,2022,637.8324,337.3568,1059.776
PHL,Baseline,a,mort,2022,24.6479,22.6883,26.5291
PHL,COVID,a,mort,2022,34.7219,32.0571,37.7495
RUS,Baseline,a,inc,2019,49.2333,30.849,74.5545
RUS,COVID,a,inc,2019,49.2333,30.849,74.5545
RUS,Baseline,a,mort,2019,6.4267,5.5421,7.3219
RUS,COVID,a,mort,2019,6.4267,5.5421,7.3219
RUS,Baseline,a,inc,2020,48.7054,30.1519,73.5943
RUS,COVID,a,inc,2020,48.022,30.1409,72.7204
RUS,Baseline,a,mort,2020,6.3058,5.4719,7.1825
RUS,COVID,a,mort,2020,6.7546,5.9062,7.6415
RUS,Baseline,a,inc,2021,48.3606,29.7321,73.0147
RUS,COVID,a,inc,2021,50.7953,31.2137,75.2371
RUS,Baseline,a,mort,2021,6.2062,5.4216,7.0446
RUS,COVID,a,mort,2021,8.2762,7.1869,9.3315
RUS,Baseline,a,inc,2022,48.0821,29.3701,72.0243
RUS,COVID,a,inc,2022,56.004,34.2474,81.2078
RUS,Baseline,a,mort,2022,6.1349,5.3412,6.9296
RUS,COVID,a,mort,2022,10.0278,8.3825,11.564
THA,Baseline,a,inc,2019,150.2118,111.9981,196.922
THA,Baseline,pos,inc,2019,14.2557,10.5517,19.1341
THA,COVID,a,inc,2019,150.2118,111.9981,196.922
THA,COVID,pos,inc,2019,14.2557,10.5517,19.1341
THA,Baseline,a,mort,2019,15.5811,13.0303,19.4077
THA,Baseline,pos,mort,2019,2.6758,1.8243,3.6102
THA,COVID,a,mort,2019,15.5811,13.0303,19.4077
THA,COVID,pos,mort,2019,2.6758,1.8243,3.6102
THA,Baseline,a,inc,2020,149.454,114.9386,190.8766
THA,Baseline,pos,inc,2020,13.1088,9.4861,17.7386
THA,COVID,a,inc,2020,146.0677,112.6353,186.6761
THA,COVID,pos,inc,2020,12.4561,9.1374,16.823
THA,Baseline,a,mort,2020,15.1476,12.7493,18.8282
THA,Baseline,pos,mort,2020,2.49,1.6694,3.3361
THA,COVID,a,mort,2020,14.9728,12.5948,18.6347
THA,COVID,pos,mort,2020,2.4279,1.6456,3.2705
THA,Baseline,a,inc,2021,148.5584,115.134,185.6103
THA,Baseline,pos,inc,2021,12.2089,8.5576,16.6836
THA,COVID,a,inc,2021,145.8822,114.1005,181.6686
THA,COVID,pos,inc,2021,12.0748,8.5338,16.5464
THA,Baseline,a,mort,2021,14.8582,12.4615,18.3827
THA,Baseline,pos,mort,2021,2.2894,1.5554,3.0694
THA,COVID,a,mort,2021,15.4085,13.0899,18.828
THA,COVID,pos,mort,2021,2.3431,1.5898,3.1161
THA,Baseline,a,inc,2022,147.1589,113.8531,182.9264
THA,Baseline,pos,inc,2022,11.4361,7.8818,15.8861
THA,COVID,a,inc,2022,155.1652,121.878,192.5956
THA,COVID,pos,inc,2022,12.7666,8.822,17.9914
THA,Baseline,a,mort,2022,14.5762,12.2308,18.0141
THA,Baseline,pos,mort,2022,2.142,1.4294,2.8715
THA,COVID,a,mort,2022,19.1135,16.3441,22.9761
THA,COVID,pos,mort,2022,2.8668,1.8802,3.8807
UZB,Baseline,a,inc,2019,66.0814,46.9814,92.3091
UZB,COVID,a,inc,2019,66.0814,46.9814,92.3091
UZB,Baseline,a,mort,2019,3.8637,3.57,4.1752
UZB,COVID,a,mort,2019,3.8637,3.57,4.1752
UZB,Baseline,a,inc,2020,64.9497,46.5526,90.0853
UZB,COVID,a,inc,2020,65.7222,47.3293,89.9919
UZB,Baseline,a,mort,2020,3.7576,3.4763,4.0567
UZB,COVID,a,mort,2020,5.117,4.5464,5.5624
UZB,Baseline,a,inc,2021,63.5766,45.8757,88.2457
UZB,COVID,a,inc,2021,71.6772,52.9213,96.7405
UZB,Baseline,a,mort,2021,3.6733,3.3942,3.9625
UZB,COVID,a,mort,2021,6.9357,6.101,7.8353
UZB,Baseline,a,inc,2022,62.9538,45.3981,86.7641
UZB,COVID,a,inc,2022,82.662,57.1616,114.8322
UZB,Baseline,a,mort,2022,3.6119,3.3238,3.8933
UZB,COVID,a,mort,2022,9.2111,7.5782,11.5145
VNM,Baseline,a,inc,2019,176.2142,114.5568,262.2456
VNM,COVID,a,inc,2019,176.2142,114.5568,262.2456
VNM,Baseline,a,mort,2019,12.1043,8.3684,17.1873
VNM,COVID,a,mort,2019,12.1043,8.3684,17.1873
VNM,Baseline,a,inc,2020,174.0522,114.5348,256.1193
VNM,COVID,a,inc,2020,170.3896,112.5914,250.8027
VNM,Baseline,a,mort,2020,11.9624,8.2759,16.9718
VNM,COVID,a,mort,2020,11.6967,8.0593,16.6478
VNM,Baseline,a,inc,2021,171.3898,114.9995,251
VNM,COVID,a,inc,2021,164.7834,111.0539,241.1385
VNM,Baseline,a,mort,2021,11.8388,8.1694,16.7094
VNM,COVID,a,mort,2021,11.6088,8.0577,16.3411
VNM,Baseline,a,inc,2022,170.1428,115.2642,246.6769
VNM,COVID,a,inc,2022,175.6299,120.701,251.4777
VNM,Baseline,a,mort,2022,11.7723,8.1132,16.5559
VNM,COVID,a,mort,2022,13.8546,9.7251,19.0986
ZWE,Baseline,a,inc,2019,195.8346,144.1703,270.9636
ZWE,Baseline,pos,inc,2019,119.1371,86.2701,159.0631
ZWE,COVID,a,inc,2019,195.8346,144.1703,270.9636
ZWE,COVID,pos,inc,2019,119.1371,86.2701,159.0631
ZWE,Baseline,a,mort,2019,41.9491,31.6053,54.1739
ZWE,Baseline,pos,mort,2019,29.8195,22.4692,42.5247
ZWE,COVID,a,mort,2019,41.9491,31.6053,54.1739
ZWE,COVID,pos,mort,2019,29.8195,22.4692,42.5247
ZWE,Baseline,a,inc,2020,187.5897,137.1692,259.718
ZWE,Baseline,pos,inc,2020,113.817,81.2722,155.3606
ZWE,COVID,a,inc,2020,184.5935,133.2443,253.411
ZWE,COVID,pos,inc,2020,111.5184,79.0847,152.1716
ZWE,Baseline,a,mort,2020,39.4654,29.4348,50.5051
ZWE,Baseline,pos,mort,2020,28.0379,20.8822,39.8587
ZWE,COVID,a,mort,2020,42.3557,31.5958,54.3046
ZWE,COVID,pos,mort,2020,30.1046,22.0599,42.3289
ZWE,Baseline,a,inc,2021,182.808,131.9525,255.7295
ZWE,Baseline,pos,inc,2021,110.414,78.4681,152.8046
ZWE,COVID,a,inc,2021,193.7162,138.2996,267.7599
ZWE,COVID,pos,inc,2021,118.3388,81.6712,163.1676
ZWE,Baseline,a,mort,2021,37.5728,27.8167,48.294
ZWE,Baseline,pos,mort,2021,26.9114,19.2984,37.5796
ZWE,COVID,a,mort,2021,47.6146,34.3879,61.2518
ZWE,COVID,pos,mort,2021,33.7991,23.2715,48.3925
ZWE,Baseline,a,inc,2022,178.9803,127.6353,252.7127
ZWE,Baseline,pos,inc,2022,107.9411,75.7033,151.2268
ZWE,COVID,a,inc,2022,204.4014,145.7101,283.0037
ZWE,COVID,pos,inc,2022,125.3002,84.9749,173.04
ZWE,Baseline,a,mort,2022,36.724,25.865,46.6274
ZWE,Baseline,pos,mort,2022,26.1437,18.3967,36.3056
ZWE,COVID,a,mort,2022,51.0111,35.9565,65.4716
ZWE,COVID,pos,mort,2022,36.6476,23.838,52.8632